date,open,high,low,close,volume
2015-05-27 00:00:00+00:00,49.71391775508651,51.09113030325852,48.77122194554935,50.0,36077985
2015-05-28 00:00:00+00:00,50.55200004657316,51.36219288136682,49.85252657112799,50.67605698361348,47540987
2015-05-29 00:00:00+00:00,50.265221095856894,51.42170452127525,49.42508383320143,50.59013982220806,40509733
2015-06-01 00:00:00+00:00,50.96431595412674,52.80239626954882,50.39078763942673,51.44736606792889,36554494
2015-06-02 00:00:00+00:00,53.18488071867546,54.06207770482938,52.51227097019061,53.35500189561852,33273480
2015-06-03 00:00:00+00:00,52.77801588962225,53.72517613112395,52.51944157884641,53.15401784595052,53007610
2015-06-04 00:00:00+00:00,52.77268002214788,53.52206109022432,52.358634599951024,52.953053497611506,45113778
2015-06-05 00:00:00+00:00,54.613777802431144,56.368893396723486,53.59659054310816,54.92810887622038,41531170
2015-06-08 00:00:00+00:00,55.790359971345175,56.9359509891657,54.51063300912231,55.929030551203866,34930513
2015-06-09 00:00:00+00:00,55.165512913578645,56.35507335989894,54.29587324131762,55.44566128808192,38476763
2015-06-10 00:00:00+00:00,55.77426800882698,57.487611921393,55.57329922552459,56.17673334038508,31266205
2015-06-11 00:00:00+00:00,55.46160349931453,57.036458036920635,54.79860489212188,55.70063210901012,41177347
2015-06-12 00:00:00+00:00,54.85579171493093,56.05394743784142,53.99281720462066,55.22175640472582,45508248
2015-06-15 00:00:00+00:00,55.17393114628916,56.78572918807885,54.31229024659498,55.592111130605055,56494539
2015-06-16 00:00:00+00:00,52.905303709223915,54.647297652867586,52.75795621472461,53.3761748370157,38827457
2015-06-17 00:00:00+00:00,51.192416605257876,52.54092412486602,50.88624271915468,51.38627343800006,24934349
2015-06-18 00:00:00+00:00,50.531802036587166,51.44312347771099,49.57939135703029,50.79152840291089,21156245
2015-06-19 00:00:00+00:00,49.49516465317742,51.03201414202665,48.79953488252338,49.65613105850959,24926622
2015-06-22 00:00:00+00:00,49.616234456760566,51.15232241035993,49.35874652600566,50.11322785762392,53713430
2015-06-23 00:00:00+00:00,48.63279857982875,49.886071393368475,48.59070149720894,49.10359896699847,29011603
2015-06-24 00:00:00+00:00,47.1728516732839,48.41406271083382,46.448535118634624,47.48883452539612,40540069
2015-06-25 00:00:00+00:00,48.89079973035142,49.865184138500894,47.976462312676006,49.32761304810199,30391619
2015-06-26 00:00:00+00:00,48.828298296609326,49.76454828874056,47.67904984124556,49.136681487518146,59738830
2015-06-29 00:00:00+00:00,48.94828105794255,50.56326208365952,48.23197038253037,49.29771533314366,33457080
2015-06-30 00:00:00+00:00,47.5323677368411,48.168029144442876,46.653556181947614,47.66801750968751,24461918
2015-07-01 00:00:00+00:00,46.69265007205857,48.01132406873958,46.50970185476805,47.09475824025729,48539019
2015-07-02 00:00:00+00:00,47.15677995445503,48.330375528994715,46.25899254636653,47.30786534790913,55362948
2015-07-06 00:00:00+00:00,45.57624600290136,46.56130747500334,45.126693976036975,46.006673055002366,54510443
2015-07-07 00:00:00+00:00,46.12469944194902,48.01058883998951,45.4303753961336,46.537510677017174,40435121
2015-07-08 00:00:00+00:00,45.51324637001741,46.622869580364274,45.008017901238055,45.896744249114604,49190953
2015-07-09 00:00:00+00:00,45.512247597152765,46.43091046899895,44.8864126259123,45.62671174936267,46432395
2015-07-10 00:00:00+00:00,44.76341247230926,45.78860632694242,44.38969853945902,44.984663814687394,40888209
2015-07-13 00:00:00+00:00,47.08215260813378,48.01781429821547,46.47247919150922,47.28739763609812,50978633
2015-07-14 00:00:00+00:00,47.10714640342399,47.85267478849891,46.75455613212485,47.3512009664126,49514190
2015-07-15 00:00:00+00:00,46.02689075295998,47.39129264575351,45.485050900841536,46.161947851665516,21717355
2015-07-16 00:00:00+00:00,46.754218616976914,48.695847245988624,45.741665587609795,47.22900174618934,41825552
2015-07-17 00:00:00+00:00,45.52246846993916,46.56828284950916,44.899885809317496,45.843989366224115,51036611
2015-07-20 00:00:00+00:00,45.952415955966615,47.337672872033245,45.1427539137248,46.17462568022982,31631400
2015-07-21 00:00:00+00:00,43.644228924744375,45.14491785853281,42.52940300283687,43.90302153157409,46613746
2015-07-22 00:00:00+00:00,42.11031725669404,43.737623651986496,40.893629372405286,42.389198272895975,45298938
2015-07-23 00:00:00+00:00,42.36519402259468,43.62806095295253,41.62271730659424,42.705431755938925,41463158
2015-07-24 00:00:00+00:00,43.36531988085482,44.47452255757385,42.35911783088925,43.67159165193342,53357473
2015-07-27 00:00:00+00:00,43.489476800075614,44.78252872338441,43.1302925650247,43.95723358936138,26849221
2015-07-28 00:00:00+00:00,43.59967025733316,45.111076983594,43.0927116930482,43.89845565049549,53144305
2015-07-29 00:00:00+00:00,43.120268009859025,44.933910682293984,42.71442749479379,43.61713121578835,30276325
2015-07-30 00:00:00+00:00,41.4823348442494,42.60451879510404,40.75039756467379,41.92290482734744,29072684
2015-07-31 00:00:00+00:00,40.95568757153086,42.010032785431555,39.95690008801869,41.13909177727379,42360377
2015-08-03 00:00:00+00:00,40.194087166264474,42.068265448871195,39.851085817472594,40.66632525212204,53693565
2015-08-04 00:00:00+00:00,41.868325364430554,43.32156544327948,41.38166199944811,42.01487192358474,40586913
2015-08-05 00:00:00+00:00,42.08023398767042,43.99207227382937,41.37481761460138,42.507213871066895,29851205
2015-08-06 00:00:00+00:00,40.21931636724098,41.72581394431369,39.84323982244285,40.471565684631614,20270001
2015-08-07 00:00:00+00:00,40.489276719727336,41.83366164893329,39.861973939676034,40.940466447905365,50941169
2015-08-10 00:00:00+00:00,40.1111450353628,41.64900554540043,39.364945583349474,40.558367711405786,21399298
2015-08-11 00:00:00+00:00,39.403691150991584,40.987075565285956,38.625449814644185,39.826061311038636,57701845
2015-08-12 00:00:00+00:00,40.224060683124854,41.218528673964805,39.38660074698809,40.64007285764768,42634325
2015-08-13 00:00:00+00:00,41.7354006290036,43.001769243746686,40.584412863077155,41.95727228464282,20782409
2015-08-14 00:00:00+00:00,43.02244071436176,44.364129256054866,42.15484943561747,43.15480842758226,47607548
2015-08-17 00:00:00+00:00,41.966555328209026,42.895068703716156,40.99749821018552,42.22774739971509,37490607
2015-08-18 00:00:00+00:00,41.76728274269903,43.21732426611919,40.8175198133278,41.936692548693635,25755536
2015-08-19 00:00:00+00:00,42.036228230816924,43.49798144689202,41.72756872658023,42.41420866637791,37114380
2015-08-20 00:00:00+00:00,43.42642292830963,45.117084604622335,43.13917317405533,43.66486281892474,31562817
2015-08-21 00:00:00+00:00,42.67960965316643,43.71227603171729,42.38531234783346,43.169853733510394,22763779
2015-08-24 00:00:00+00:00,42.670674130575684,43.79238909906928,42.08402925517619,43.02706296151381,56412646
2015-08-25 00:00:00+00:00,41.350468767252835,42.8810148720064,40.662355048277924,41.77946099270658,38798096
2015-08-26 00:00:00+00:00,40.27100317471304,41.22057295601571,39.074053713306576,40.42401304380978,43696435
2015-08-27 00:00:00+00:00,41.034238237773764,42.693468194754054,40.78279831397665,41.479044030682815,41020996
2015-08-28 00:00:00+00:00,42.717429188762445,44.44553734748973,42.56098227506932,43.1865320649678,35725535
2015-08-31 00:00:00+00:00,42.88529515154383,43.78263588313788,41.716639971597075,43.1801199190714,23893193
2015-09-01 00:00:00+00:00,44.12185822144144,45.478213860748596,43.85631483716542,44.46435939654183,51747976
2015-09-02 00:00:00+00:00,44.57239870623779,45.98721318219005,43.9998315564918,44.97832262659899,59236300
2015-09-03 00:00:00+00:00,44.114243470168674,45.153459691288376,43.19861519227953,44.28417892107284,51369938
2015-09-04 00:00:00+00:00,44.49682721709756,46.230778510252605,43.7564792267755,44.797853647682935,21255959
2015-09-08 00:00:00+00:00,46.464032316333174,48.05100384731532,46.13746537040915,46.7234975274421,49429221
2015-09-09 00:00:00+00:00,46.601956683645255,47.957715662419794,46.203479366506535,46.76050628051016,53099267
2015-09-10 00:00:00+00:00,48.471064898570354,49.93240530322196,48.112595240025925,48.718078667486964,26620090
2015-09-11 00:00:00+00:00,45.52711561882508,46.61610068639239,44.56879685870666,45.65438454257927,34012674
2015-09-14 00:00:00+00:00,46.610342785049745,48.14166206892612,45.67632266019522,46.72066754782954,49616451
2015-09-15 00:00:00+00:00,46.751057514053414,48.09971945696863,46.171383237678604,46.905124029715346,51284216
2015-09-16 00:00:00+00:00,46.14106916452063,47.85529627081212,45.48854106731071,46.6263152091563,47521892
2015-09-17 00:00:00+00:00,46.496616326640904,48.17811904478626,45.49636063894326,46.81642814099891,43782567
2015-09-18 00:00:00+00:00,44.02501657901655,45.28541703282003,43.96976648363124,44.511345443477836,38915637
2015-09-21 00:00:00+00:00,44.054740026740774,45.63481008193953,43.32960923452478,44.327739178072825,25023198
2015-09-22 00:00:00+00:00,44.611547810652816,45.531514866843416,43.64696385178423,44.83627426388692,29309239
2015-09-23 00:00:00+00:00,46.387290372440646,47.53508906982163,45.93743519050706,46.689747117576744,45451115
2015-09-24 00:00:00+00:00,45.8720181801952,46.983433309918205,45.34005195035522,46.147822855648364,24784973
2015-09-25 00:00:00+00:00,45.11536465847185,46.736156000565686,44.14399262918716,45.25763053217654,21290906
2015-09-28 00:00:00+00:00,44.379191553999014,46.092059303623024,43.33758678643136,44.735522079875096,36578821
2015-09-29 00:00:00+00:00,45.727589348113746,47.11517448270784,44.604080200814685,45.914004621117584,21435367
2015-09-30 00:00:00+00:00,46.04067077075007,47.61556271432459,45.30537573360962,46.3885059527092,56801281
2015-10-01 00:00:00+00:00,45.472713271229495,46.89486650259133,44.60257199043151,45.83279370818875,32595379
2015-10-02 00:00:00+00:00,46.36790468667332,47.9758052950333,45.66389215771698,46.52871462792478,50449729
2015-10-05 00:00:00+00:00,46.600667836298165,47.72146644002479,45.58424215904367,46.72520768714243,25387059
2015-10-06 00:00:00+00:00,47.555277041354515,48.848099385651786,47.001400084654335,47.967581675781894,37823067
2015-10-07 00:00:00+00:00,46.92119779362134,47.86815330006066,46.51518182667151,47.20511796312907,45243818
2015-10-08 00:00:00+00:00,46.76865786900956,48.17812903947281,45.69018511333449,46.89192338721175,49454330
2015-10-09 00:00:00+00:00,46.00344707658525,47.73583753552875,45.444928966104335,46.50139360345316,22664921
2015-10-12 00:00:00+00:00,44.70206344129607,45.70953070421875,43.96655408374102,44.825175665694616,48707349
2015-10-13 00:00:00+00:00,44.88250590662869,45.78571341213134,43.84918080809348,45.26051999817211,51008110
2015-10-14 00:00:00+00:00,45.16031475468261,46.992783652505985,45.13285220696124,45.65378632478797,32182338
2015-10-15 00:00:00+00:00,45.544250431072555,46.251340456213,44.92414932150943,45.73992247275893,35429051
2015-10-16 00:00:00+00:00,45.38151816523387,46.7421176923378,44.98153651493111,45.53841791270875,57908921
2015-10-19 00:00:00+00:00,43.77141904647929,45.39023013197431,42.65344570602663,43.91997302224826,55513047
2015-10-20 00:00:00+00:00,43.27388857590279,44.43285996307803,42.293091180816035,43.49519863492983,35005252
2015-10-21 00:00:00+00:00,43.02352289069345,43.89891462009366,42.33258899636139,43.16394121509771,43279699
2015-10-22 00:00:00+00:00,41.904343955354115,43.48607950207515,41.10554558982469,42.281208492031766,54532966
2015-10-23 00:00:00+00:00,42.042748918780525,43.484793780048136,41.271728411836605,42.16766563803255,32856870
2015-10-26 00:00:00+00:00,42.42875781495008,43.778956982287845,41.47627287478757,42.73252666621,44478732
2015-10-27 00:00:00+00:00,44.57727100612144,46.54298502291878,44.12176608492593,45.075949747662634,47535144
2015-10-28 00:00:00+00:00,44.93985501525844,45.917111844718804,44.453163395229176,45.36544312306084,46061492
2015-10-29 00:00:00+00:00,45.40841581663575,46.75929919023268,44.31977367643985,45.754503591928156,47845100
2015-10-30 00:00:00+00:00,45.52266704469411,46.96362244033131,44.99428939311805,45.745168493008755,21318155
2015-11-02 00:00:00+00:00,43.173084700133245,44.88528350579908,42.90219569465334,43.5226430346499,20984588
2015-11-03 00:00:00+00:00,43.260009798546186,44.250081996018636,42.48628327085139,43.570826384110845,58003831
2015-11-04 00:00:00+00:00,43.452669282483924,45.023106117803756,42.253780823755896,43.723102636040075,40779977
2015-11-05 00:00:00+00:00,46.606709020326335,47.81170024674096,45.88115395729523,46.75899317102242,20481632
2015-11-06 00:00:00+00:00,46.153518327188884,47.504713695275036,46.04612324965629,46.60816001328507,46475576
2015-11-09 00:00:00+00:00,46.770102964556884,47.681731852664505,46.21071155677584,47.05001682408541,27723047
2015-11-10 00:00:00+00:00,46.91051369571081,48.453658459348034,46.08243104611956,47.08836270043912,44776015
2015-11-11 00:00:00+00:00,45.51884531494476,46.423222263475395,45.104026048663464,45.76594905529568,49196927
2015-11-12 00:00:00+00:00,46.95168453170213,48.0271242919228,46.05923421465721,47.2173364327137,58830252
2015-11-13 00:00:00+00:00,47.76864091371108,48.989701603900265,46.70190668292763,48.19965607193783,28918562
2015-11-16 00:00:00+00:00,48.83544865616493,50.60030844258034,48.277154932408045,49.228894408389486,44416514
2015-11-17 00:00:00+00:00,47.80990750517926,49.390332456844696,47.36290090590558,48.2176294626358,44273412
2015-11-18 00:00:00+00:00,49.87657012998766,51.27766403295049,49.080278468924654,49.98098263575912,31401945
2015-11-19 00:00:00+00:00,48.11229976113648,49.12922925920088,47.76361518201318,48.37876136040838,25104138
2015-11-20 00:00:00+00:00,48.87045221231458,50.28786397257571,47.77971627154248,49.16298987296871,34886781
2015-11-23 00:00:00+00:00,51.76385971321146,52.943282607084434,50.95671096841933,51.871536623940685,29799796
2015-11-24 00:00:00+00:00,50.558967750285845,52.095723410572134,49.87561862235902,50.76289303378386,49227191
2015-11-25 00:00:00+00:00,49.759219829011684,51.5694228187418,49.00364548533006,50.16333575826054,20026505
2015-11-27 00:00:00+00:00,50.20807351407411,50.875074167843096,49.420883975434585,50.36291739636571,48872553
2015-11-30 00:00:00+00:00,49.52462255884524,51.01276653048507,48.69051314261843,49.838746611426274,33412513
2015-12-01 00:00:00+00:00,47.87186974534002,48.609786293266644,47.49650420401613,48.057950494146915,50613058
2015-12-02 00:00:00+00:00,48.11537775405659,49.2690847289915,46.90650272019192,48.22022606391415,38427591
2015-12-03 00:00:00+00:00,46.82898102440301,47.8130943364865,45.58495765456342,47.02546160744282,52756550
2015-12-04 00:00:00+00:00,47.18342302224102,48.48054912372718,46.52500713804566,47.67377252420504,53391685
2015-12-07 00:00:00+00:00,46.229848598371284,47.503421946576836,45.19589751426567,46.65046344312448,37750431
2015-12-08 00:00:00+00:00,48.106554071417115,49.71167717819514,47.938952414775564,48.590384729145526,45103073
2015-12-09 00:00:00+00:00,47.4353391607715,48.56453074401081,46.75306458886169,47.73048077834204,54822065
2015-12-10 00:00:00+00:00,47.28011247942423,48.65670600948551,46.32220022494979,47.424006958895234,57239247
2015-12-11 00:00:00+00:00,48.16104382414937,49.38475500531271,47.39849097231765,48.48022761973884,50513547
2015-12-14 00:00:00+00:00,46.80143950619411,47.65154364032805,46.18172866092905,47.08319044001809,55580614
2015-12-15 00:00:00+00:00,46.9983995284472,48.71990220402716,46.59805795217679,47.43614236154305,24638246
2015-12-16 00:00:00+00:00,48.945480634368266,49.87047199127467,48.45788964413155,49.084713666681964,45214608
2015-12-17 00:00:00+00:00,46.940437330399774,48.16850066480775,46.34399133464621,47.23573378520849,28377900
2015-12-18 00:00:00+00:00,47.37727494956966,48.72273829866916,46.874633600341774,47.537294415447256,55764618
2015-12-21 00:00:00+00:00,47.69928339778934,48.761609925694074,46.694788092053145,47.92915376854536,51369541
2015-12-22 00:00:00+00:00,48.552398383723016,49.50392687082485,48.238510279183544,48.94734121467813,39308412
2015-12-23 00:00:00+00:00,47.252593109876926,48.41692140863725,46.984435056339905,47.543000361624436,51133590
2015-12-24 00:00:00+00:00,45.78809711186499,47.48290100861761,44.986086288106065,46.0384524259233,41152933
2015-12-28 00:00:00+00:00,46.48699179323557,47.88651670196214,45.64955257194418,46.74478230466358,59161855
2015-12-29 00:00:00+00:00,46.89738520518101,48.352643061210614,45.809250851262895,47.181163912543404,29189589
2015-12-30 00:00:00+00:00,47.14774871542363,48.694037486596095,46.48477372054077,47.561755332958455,34632787
2015-12-31 00:00:00+00:00,47.60065930877873,48.756485323314266,47.21201233063138,48.057493184354826,39717720
2016-01-04 00:00:00+00:00,46.83932964385907,48.23979738256292,46.018451636934316,47.32146351846064,24934990
2016-01-05 00:00:00+00:00,47.26540660055173,48.931107753417166,46.63988906186643,47.68016795505385,34100219
2016-01-06 00:00:00+00:00,47.88569216471306,48.71322782056543,47.53257463838108,48.11185492301227,52242032
2016-01-07 00:00:00+00:00,46.95937933894601,48.11248599747034,46.268782661067384,47.33463322138063,46627932
2016-01-08 00:00:00+00:00,49.37852138513218,50.42988174322019,48.245544089332675,49.65356263475434,44835123
2016-01-11 00:00:00+00:00,50.10029389103006,51.23418106744299,49.405849514350265,50.302162139848484,42499093
2016-01-12 00:00:00+00:00,48.51624931143493,50.43296668414749,48.15627214130551,48.952597943205305,27760004
2016-01-13 00:00:00+00:00,49.70509173398097,50.38796482024972,49.17699281654788,49.8204622735659,33429734
2016-01-14 00:00:00+00:00,48.27013947243895,49.74954526367371,48.07939874735776,48.730844269293115,50680437
2016-01-15 00:00:00+00:00,49.47075480793416,50.43471047579627,48.82257430944224,49.75534579378406,34268788
2016-01-19 00:00:00+00:00,50.87077989786963,52.69633703400269,50.129980664431415,51.22566048859294,49243172
2016-01-20 00:00:00+00:00,49.95710013768858,50.93414521129835,49.740226301401286,50.32084170657089,56147881
2016-01-21 00:00:00+00:00,51.098845965381464,52.46049406402567,50.11732447263891,51.55689306166408,37795759
2016-01-22 00:00:00+00:00,51.777562301120994,53.370115158822486,50.87709655654268,52.13223017398788,26774870
2016-01-25 00:00:00+00:00,52.85312893207725,54.40325679400871,52.112078447697606,53.19870236598127,50513376
2016-01-26 00:00:00+00:00,55.428193128941736,56.47758258205994,54.226415274227016,55.55485394516601,49678949
2016-01-27 00:00:00+00:00,55.03302499718448,56.18691237391528,54.76020144915045,55.34038820596256,41004450
2016-01-28 00:00:00+00:00,54.355837208406754,55.413517187286445,53.53906593100045,54.51590480873357,37899105
2016-01-29 00:00:00+00:00,53.13351398569435,54.292763756341586,52.39839436632128,53.52848749318294,29137819
2016-02-01 00:00:00+00:00,52.324626382899346,53.33484808993122,51.30086224510613,52.62951515122442,56813313
2016-02-02 00:00:00+00:00,52.24490198824415,53.60003279748638,51.33352353987822,52.61699309992749,26524367
2016-02-03 00:00:00+00:00,52.98970630946651,53.87490922577507,52.329306219994066,53.106375469707466,38962244
2016-02-04 00:00:00+00:00,53.38448762248517,54.30586609380074,52.07752425934428,53.51840442890349,58358390
2016-02-05 00:00:00+00:00,54.204494972521644,55.747780391221276,53.96667848631584,54.591024327746716,57042356
2016-02-08 00:00:00+00:00,54.55779286360073,56.155163929700095,53.311492979379054,54.6866265980002,37550054
2016-02-09 00:00:00+00:00,56.38236479948288,57.61450469114836,55.03992724098437,56.510867490588986,20261420
2016-02-10 00:00:00+00:00,56.16843590060948,56.8502587577684,55.59612576748081,56.273279290703435,54032275
2016-02-11 00:00:00+00:00,59.13488173129119,60.193065904465044,58.39541622640719,59.61748229061098,24529943
2016-02-12 00:00:00+00:00,60.05327976414539,61.899706328774556,59.90799758915099,60.44828310792899,30648764
2016-02-16 00:00:00+00:00,59.25839347682862,60.296984830536786,58.594271215090295,59.49969404022945,33930333
2016-02-17 00:00:00+00:00,58.07600881004105,58.8866900286386,57.278339743358444,58.29462304255612,32979513
2016-02-18 00:00:00+00:00,58.7137086489496,60.05263452799832,57.872944714938306,58.95358994084794,30453914
2016-02-19 00:00:00+00:00,58.35557318598445,59.88908337674719,57.329497350208364,58.76543459845692,24775833
2016-02-22 00:00:00+00:00,59.337686946939264,60.85074001148612,58.529984504073234,59.70223519136743,52123007
2016-02-23 00:00:00+00:00,60.1760421137087,61.117522368713225,59.36884238963645,60.35012034085568,51522310
2016-02-24 00:00:00+00:00,60.1730819115338,60.85783632988191,59.03305060940155,60.342725645667436,57742126
2016-02-25 00:00:00+00:00,59.267214924099996,60.87158855343982,57.956040363030944,59.40657318398535,56654266
2016-02-26 00:00:00+00:00,57.30463542648178,58.419649560053415,57.14669036568002,57.668756514362315,43548374
2016-02-29 00:00:00+00:00,56.8071895069932,58.38896485993444,55.730417299625856,57.21293857188189,57118939
2016-03-01 00:00:00+00:00,58.11459855374006,59.52724699494877,57.73448498600638,58.32061712507006,24299489
2016-03-02 00:00:00+00:00,58.54915163361394,59.76753703510579,57.343142838757544,58.6575296180263,23182132
2016-03-03 00:00:00+00:00,57.10977441658135,58.055550477785566,56.46230833102051,57.24264308357192,49415310
2016-03-04 00:00:00+00:00,57.043316180655324,58.3015564483574,56.898280536839465,57.53046019459334,23440863
2016-03-07 00:00:00+00:00,57.85466313927697,59.170509332970646,57.132985410554106,58.07284105026794,51037593
2016-03-08 00:00:00+00:00,56.68452286769133,58.458307760438274,55.94825554737897,57.09221212682658,50063151
2016-03-09 00:00:00+00:00,57.00681682641951,58.803415982884616,56.47573040893774,57.35668225396122,33435230
2016-03-10 00:00:00+00:00,57.25375686023526,58.11243852050017,56.95196730781372,57.506532716096416,26637448
2016-03-11 00:00:00+00:00,56.03269345382145,56.86979697129739,55.11550721904096,56.21496835869967,53698807
2016-03-14 00:00:00+00:00,56.575758623853844,58.16904944990069,55.321909915006934,56.72431319111761,59268380
2016-03-15 00:00:00+00:00,57.13124943554394,58.71378985109428,56.59403925681224,57.47725462275949,57783923
2016-03-16 00:00:00+00:00,58.4470626023147,60.239909939399595,58.140583336938995,58.85691611456982,58738016
2016-03-17 00:00:00+00:00,59.843916875595255,60.90411121114705,59.25890123107889,60.201478577011706,59466425
2016-03-18 00:00:00+00:00,58.31615448216353,59.7158612065726,58.07991262441441,58.628275335463194,48245402
2016-03-21 00:00:00+00:00,57.4661047981924,58.784024881982525,56.26239770308477,57.58288528756505,38295776
2016-03-22 00:00:00+00:00,57.79353209717769,59.46103949366241,56.95458679726526,58.28092760821544,55448852
2016-03-23 00:00:00+00:00,58.557985072648265,59.88562244017679,57.88947028588046,58.97747074931009,27069222
2016-03-24 00:00:00+00:00,59.45839915819696,60.190922864568655,58.82242508393896,59.67552797287735,44435422
2016-03-28 00:00:00+00:00,63.88681762991948,65.46173181846729,63.07902239721723,64.37880576166302,37319013
2016-03-29 00:00:00+00:00,64.80312173864029,65.89697591367442,64.08918734970645,65.14387437449481,49428781
2016-03-30 00:00:00+00:00,66.25358407942863,67.53680738885443,65.26062083416151,66.58655314271154,45858113
2016-03-31 00:00:00+00:00,67.41212598713156,69.2689362739872,66.67989646632036,67.81135525890338,31926106
2016-04-01 00:00:00+00:00,68.24831684523427,69.57206007811276,67.38861928725753,68.67302476047033,58990958
2016-04-04 00:00:00+00:00,68.01211022396932,69.71450327356634,67.27613867368416,68.37470166690191,44416593
2016-04-05 00:00:00+00:00,69.21422643294736,70.05400533724308,68.45132366327816,69.36546473149383,38573434
2016-04-06 00:00:00+00:00,68.28276747165094,69.69053497207378,67.0601286141226,68.51807447404875,48849856
2016-04-07 00:00:00+00:00,67.84265868983032,69.79089910039968,67.27277832108189,68.31389214596074,34387810
2016-04-08 00:00:00+00:00,67.62160964382828,68.41334898943876,66.70636637002528,67.81145588856582,54106658
2016-04-11 00:00:00+00:00,67.7408380462944,68.49802479805659,67.26921721641465,67.9897048558294,41876123
2016-04-12 00:00:00+00:00,70.57446438265994,71.78087792847023,69.72164434641033,70.84729513583761,29669504
2016-04-13 00:00:00+00:00,68.41081490884973,69.27920238777888,67.61496925524457,68.68657690472752,43916824
2016-04-14 00:00:00+00:00,69.24491330017912,70.83847348285316,68.90525073522991,69.59008913317693,27707690
2016-04-15 00:00:00+00:00,67.25759975265146,69.14937875159791,67.1752429903962,67.73483008774934,27003621
2016-04-18 00:00:00+00:00,67.05223476406903,68.18253282151079,66.14415252908725,67.24851184880202,57357506
2016-04-19 00:00:00+00:00,68.48665201464249,69.3939642073183,67.37156029581254,68.63525256516286,32534834
2016-04-20 00:00:00+00:00,68.61340039213344,69.72679190708402,67.76898721715541,68.79238858807742,34036865
2016-04-21 00:00:00+00:00,67.12432489447853,68.80254267241224,66.8523222292426,67.57909485456224,27467133
2016-04-22 00:00:00+00:00,66.44240607838819,67.30978456503064,65.63420842675724,66.80073040345027,46708927
2016-04-25 00:00:00+00:00,67.48188498647622,68.78570169165658,67.11614197556229,67.69624770217189,55332676
2016-04-26 00:00:00+00:00,66.47342896852388,68.01309942899871,65.95797403930938,66.89980774411133,41559553
2016-04-27 00:00:00+00:00,66.79501005306432,68.37724629850563,66.57619129321127,67.23955805160969,21180859
2016-04-28 00:00:00+00:00,66.93563852401815,68.11626633947513,66.68978520843437,67.37424425949426,32976357
2016-04-29 00:00:00+00:00,66.20475322891146,67.88637656574541,65.97002989320907,66.67232384236728,48692668
2016-05-02 00:00:00+00:00,69.12416034148832,69.91644823588943,68.43834969251368,69.32505674955766,21980425
2016-05-03 00:00:00+00:00,69.76374280484076,70.86502991280607,69.61460937071887,70.16575957633927,51505059
2016-05-04 00:00:00+00:00,67.53137267344049,69.19305851900462,66.91779503142105,67.81558847235014,35269936
2016-05-05 00:00:00+00:00,67.68253422891743,69.35805680080003,67.10762620295876,68.11933365007346,36399173
2016-05-06 00:00:00+00:00,67.01379362148674,67.91893544636274,66.42189560738507,67.40518989235139,52754671
2016-05-09 00:00:00+00:00,68.09753091550697,69.25648615447665,67.62532579370381,68.50810989410685,22941616
2016-05-10 00:00:00+00:00,67.27462027291519,68.35149149098078,66.29793839991686,67.63708500798761,59158729
2016-05-11 00:00:00+00:00,67.40842977043944,68.35020760626429,66.93407458580681,67.57940127822732,43883140
2016-05-12 00:00:00+00:00,67.9473752454451,69.01294578328377,67.2596892692225,68.26538601300388,38856153
2016-05-13 00:00:00+00:00,68.89042435019822,69.94681854175086,68.82225082905146,69.38429224600802,45693164
2016-05-16 00:00:00+00:00,67.54898133094224,68.98287707413792,67.45278087866318,68.02393655754109,30815723
2016-05-17 00:00:00+00:00,67.58526558021315,68.93526854931811,66.62866922485486,67.70253507453195,33608519
2016-05-18 00:00:00+00:00,67.04667477484702,68.31933242585623,66.14658227625098,67.2126007011388,21079037
2016-05-19 00:00:00+00:00,66.35591411266851,67.68147729064842,65.13057210920589,66.50860562205034,57706383
2016-05-20 00:00:00+00:00,68.31675874639353,69.28829988892389,67.64927703472758,68.70715071038765,56709632
2016-05-23 00:00:00+00:00,68.84601463159802,70.72461947371758,67.81333774313595,69.2731287635408,36889252
2016-05-24 00:00:00+00:00,67.65466347181447,69.17855985218176,67.29137316993881,67.84006801833874,20889694
2016-05-25 00:00:00+00:00,68.71916127762374,70.32659267330013,68.42349467002373,69.02150235480447,37367564
2016-05-26 00:00:00+00:00,71.21180858001516,72.9710735962614,71.10402392964924,71.64808979121963,46537270
2016-05-27 00:00:00+00:00,72.57392748597451,74.39975861201377,72.28177125354748,72.96704810388101,30528922
2016-05-31 00:00:00+00:00,70.90690926253946,72.26805811084989,70.18253403379451,71.22380414473619,57621413
2016-06-01 00:00:00+00:00,70.38658418111318,71.42300527516431,69.57715107586927,70.72272325729669,24467801
2016-06-02 00:00:00+00:00,72.01967241755413,73.43980024417318,71.77743147837198,72.32301663632065,20693464
2016-06-03 00:00:00+00:00,71.33479389705059,72.79669477124605,70.10784238773252,71.55381327757812,29107338
2016-06-06 00:00:00+00:00,71.84038779420999,73.40431398470761,70.8242312147032,72.16639659135359,55131847
2016-06-07 00:00:00+00:00,72.80040333464875,74.19740647963567,72.3793449733117,73.17595745546879,57817095
2016-06-08 00:00:00+00:00,71.69431172323077,72.71209960890867,71.56645335934863,72.1436408895751,57148256
2016-06-09 00:00:00+00:00,71.79769392070925,73.02332340073107,71.48232338908188,72.15221046230094,35872628
2016-06-10 00:00:00+00:00,67.93824103940078,69.7634562626814,67.71574524046308,68.34268965421805,41445439
2016-06-13 00:00:00+00:00,67.02939583063507,68.27787339437432,66.57014070531795,67.1934244846169,44814053
2016-06-14 00:00:00+00:00,66.68571971317719,68.00867464620082,65.95178101427938,66.9703427029451,54912788
2016-06-15 00:00:00+00:00,65.44927023665645,66.32185639896947,64.80715544209389,65.55300288458729,38292935
2016-06-16 00:00:00+00:00,67.3932249034966,68.46034536922183,66.73375673277611,67.59189644930525,40918642
2016-06-17 00:00:00+00:00,65.5651421097073,67.35107288490566,64.46622146236817,65.9557267957525,45981941
2016-06-20 00:00:00+00:00,65.01094943117637,66.67413645924294,64.32335916279077,65.50767341171611,54391998
2016-06-21 00:00:00+00:00,65.60489086462454,67.03194913121175,64.29558143741242,65.74456210445942,28483063
2016-06-22 00:00:00+00:00,67.29349232499425,68.50843547440641,66.91153349630565,67.55409005133876,28123155
2016-06-23 00:00:00+00:00,65.49102708244378,67.04130268937959,65.02891599509087,65.91105546992344,22336798
2016-06-24 00:00:00+00:00,67.20523771865783,68.1352355812526,66.33212016922704,67.38685197250939,49550065
2016-06-27 00:00:00+00:00,67.15709766601198,68.68459247601638,66.90237358384415,67.47913164573289,38935560
2016-06-28 00:00:00+00:00,65.98809274606347,67.30892259817868,65.87713382084739,66.38132126447535,48546713
2016-06-29 00:00:00+00:00,66.6694512534872,67.958390948406,65.84541109979435,67.01584543359127,33395337
2016-06-30 00:00:00+00:00,67.15950717443326,68.48403939285632,66.192897551478,67.33471706827943,38511644
2016-07-01 00:00:00+00:00,66.45230298821458,68.1307374371578,65.78366800568926,66.69445681568888,57376501
2016-07-05 00:00:00+00:00,66.44470260388275,67.42222566428552,65.86857524164486,66.8582193176769,23144787
2016-07-06 00:00:00+00:00,66.15415239578998,67.80058623878979,65.56040000085069,66.47584300144278,28346988
2016-07-07 00:00:00+00:00,66.58997197032711,67.48444692615647,66.16805877089939,66.69206381574428,45621928
2016-07-08 00:00:00+00:00,67.16222432115829,68.5105400796759,66.73124901895207,67.56662062516953,28045391
2016-07-11 00:00:00+00:00,69.43571626256787,70.07175413331898,68.87275854914667,69.54984080454396,29146779
2016-07-12 00:00:00+00:00,67.74616869285924,68.94550828378605,67.54603801685037,68.14446220595174,20498095
2016-07-13 00:00:00+00:00,70.60311003147318,71.7867334981694,69.32738182164992,70.78410225553927,50046221
2016-07-14 00:00:00+00:00,68.03836750406452,69.07777297345972,67.42223717107011,68.52159689611227,45187400
2016-07-15 00:00:00+00:00,68.17227848154873,69.41055051145273,67.19079849783296,68.41945478206956,32061944
2016-07-18 00:00:00+00:00,68.97466278331582,70.63254605870948,68.39007168658493,69.20543542985105,31151870
2016-07-19 00:00:00+00:00,69.46307045100012,70.2280188892409,68.72947854163908,69.6226256711331,56884695
2016-07-20 00:00:00+00:00,68.7331445611523,70.21982697542389,68.21846225345166,68.95538624734839,33911580
2016-07-21 00:00:00+00:00,68.33497924218837,69.69531060029564,68.18867387595422,68.78563954691965,23665842
2016-07-22 00:00:00+00:00,67.77550469027815,69.42921213985339,67.59500678788747,68.27403842532905,22791338
2016-07-25 00:00:00+00:00,67.39947690479326,68.40703731498122,66.34928667169952,67.646800716996,31300059
2016-07-26 00:00:00+00:00,68.4668789810394,69.40581549596259,67.56877742823744,68.74632323342122,51392470
2016-07-27 00:00:00+00:00,68.86591344129819,69.91520443085051,68.20781294059381,69.25474181657928,34413188
2016-07-28 00:00:00+00:00,68.04877199008047,69.07374224790964,67.52816042939972,68.5032503022665,30689065
2016-07-29 00:00:00+00:00,69.32555241911167,70.34841685768764,68.24033586913026,69.6627701527864,31841158
2016-08-01 00:00:00+00:00,69.8549192985672,71.2757489628273,69.53879463005966,70.11152957783833,28234025
2016-08-02 00:00:00+00:00,70.90191538410562,72.54865473228858,70.38636330720716,71.16696412044507,57499555
2016-08-03 00:00:00+00:00,71.62427147215469,73.31664441634457,71.1525808771827,72.00251873075341,30943336
2016-08-04 00:00:00+00:00,70.9864374122052,72.2728590275214,69.80529890543413,71.08772471764692,24768026
2016-08-05 00:00:00+00:00,70.14767173442662,71.10593933282166,69.00299284924859,70.49550746941055,47329593
2016-08-08 00:00:00+00:00,71.23006259138192,72.26144724185443,70.73158928080132,71.47225979555847,40860717
2016-08-09 00:00:00+00:00,71.8670251815678,73.0945109894011,70.91039677994155,72.28470411407864,58390593
2016-08-10 00:00:00+00:00,72.2024259453924,73.08957914771928,71.00899944088987,72.33962220132166,38557464
2016-08-11 00:00:00+00:00,72.22513415451284,73.57542072100193,71.83575766365044,72.5604150612922,59681096
2016-08-12 00:00:00+00:00,73.88122378028386,75.20916675111799,73.27428035603909,74.17361293623831,34375753
2016-08-15 00:00:00+00:00,73.18679705927322,74.40061324480642,72.63405440034279,73.54372726963531,21913980
2016-08-16 00:00:00+00:00,74.15430268924617,75.13403328577579,72.80202345851279,74.28024412703935,21507394
2016-08-17 00:00:00+00:00,73.78561942914742,75.44616854202475,73.43672104273978,74.11761294411868,56534277
2016-08-18 00:00:00+00:00,73.6118016650622,75.2256883485657,72.63723752914123,73.93639550024601,22712188
2016-08-19 00:00:00+00:00,75.01066368486417,76.14272355431139,74.50073500845753,75.33492772263064,58268229
2016-08-22 00:00:00+00:00,76.06403227477769,77.81921578528953,75.17455699564012,76.40542734141627,20910913
2016-08-23 00:00:00+00:00,77.09105172972649,78.91445392161954,76.54162790032137,77.46163890461703,55611449
2016-08-24 00:00:00+00:00,78.68621787332992,79.93495601523227,78.02985371008569,79.10821347320223,20653817
2016-08-25 00:00:00+00:00,79.00548979511025,80.0678430319546,77.8808063098354,79.21341808316154,37773649
2016-08-26 00:00:00+00:00,79.68174188464347,81.11739580213747,78.80759608373161,80.1117616487155,47201110
2016-08-29 00:00:00+00:00,79.52013926789797,81.26056235333702,78.45301835726366,79.81944154080335,24108949
2016-08-30 00:00:00+00:00,80.15761785213576,81.6647605969318,79.72882383844482,80.28844116378949,50506086
2016-08-31 00:00:00+00:00,80.08884912685068,80.81483746113186,79.02021894550852,80.21226949854827,40981103
2016-09-01 00:00:00+00:00,80.1749693290611,81.30139539981094,79.76867727981777,80.40866465653953,33157587
2016-09-02 00:00:00+00:00,80.78889429621924,82.2562242768136,80.28703451904542,81.20285308706383,35216576
2016-09-06 00:00:00+00:00,79.9179158932873,81.30412073973521,79.25239985212897,80.30098826718367,27138512
2016-09-07 00:00:00+00:00,82.47640701213726,83.5857160659431,81.98911351325938,82.89185299800621,40813696
2016-09-08 00:00:00+00:00,81.45772451762993,83.12344891137472,80.74502046440357,81.76463214020657,27567476
2016-09-09 00:00:00+00:00,80.1115262056791,81.56454658785813,78.89107949606267,80.3876058048613,29335411
2016-09-12 00:00:00+00:00,81.69835784237887,83.19524722791319,81.22212153934852,81.85733885306138,23486444
2016-09-13 00:00:00+00:00,82.65605698437318,84.24609836516638,81.71187804048047,82.8873340858169,27163357
2016-09-14 00:00:00+00:00,83.44267011980993,84.96463371994523,82.82027689989387,83.71627786627948,49175912
2016-09-15 00:00:00+00:00,84.41485230552478,85.48950307864634,83.9172826784893,84.55029247739662,52972546
2016-09-16 00:00:00+00:00,84.42735156889584,85.72614310499574,83.95685958660602,84.61559634998032,59063597
2016-09-19 00:00:00+00:00,83.27960098657184,84.27925651031707,82.16961799795172,83.61889110419733,58427446
2016-09-20 00:00:00+00:00,83.39559132833412,84.9635019915047,82.41025507731804,83.7898565740298,37245514
2016-09-21 00:00:00+00:00,82.55792351565808,83.73651577595454,81.65022055980023,83.05726252021526,24330453
2016-09-22 00:00:00+00:00,83.83416086777915,85.50135579082672,82.81587342448918,84.30740620031656,25170988
2016-09-23 00:00:00+00:00,83.85391126269992,84.94053550326797,83.50262195250548,84.210937342514,56872089
2016-09-26 00:00:00+00:00,83.03184148504536,83.91789200651321,82.44490136899893,83.30034070636299,56891072
2016-09-27 00:00:00+00:00,82.6402067504961,83.65996218652235,81.82545866645454,82.9946776963794,35526398
2016-09-28 00:00:00+00:00,83.15593479427805,84.07218757672922,82.5863929016495,83.57019544151015,58555170
2016-09-29 00:00:00+00:00,82.82639150177603,84.19246559599891,82.05533644476705,82.97372597814538,51507991
2016-09-30 00:00:00+00:00,81.80309954758715,83.29946255252405,81.20925025413007,82.06706150346567,22660891
2016-10-03 00:00:00+00:00,82.0035652430017,83.45441950716922,81.34570552531251,82.43948615725596,35173091
2016-10-04 00:00:00+00:00,82.5599128618132,83.47480884364181,81.73785261394634,82.81344604258642,43773135
2016-10-05 00:00:00+00:00,81.95636532365019,82.86866856965176,81.62365639807683,82.28511423214107,41393383
2016-10-06 00:00:00+00:00,81.4647605210542,82.31899723183638,80.82812842788064,81.79986826539908,45724943
2016-10-07 00:00:00+00:00,81.9845376889748,82.82407636719347,81.1048564140184,82.15832819022825,35978042
2016-10-10 00:00:00+00:00,80.25573280377054,81.89148251541461,79.43034004170008,80.50062698043146,42775760
2016-10-11 00:00:00+00:00,78.65786593568282,79.63320729288128,78.18156325826725,78.89167045117959,34514418
2016-10-12 00:00:00+00:00,77.99905870226385,78.9638087128939,76.86726599342438,78.10953738567667,39119310
2016-10-13 00:00:00+00:00,77.82372409806592,78.5387462881038,77.40820170880139,77.93340080362246,22192271
2016-10-14 00:00:00+00:00,77.95381106486977,79.10885118708825,77.5316580267969,78.38648988234007,50183393
2016-10-17 00:00:00+00:00,80.02768901869041,81.25614191345974,78.9567046941439,80.23691734267953,39622592
2016-10-18 00:00:00+00:00,81.03887738402643,82.45386157361762,80.28221596946656,81.34610889052196,40733774
2016-10-19 00:00:00+00:00,81.01469242513033,81.97953496873205,80.47302022205498,81.23418265456584,58790873
2016-10-20 00:00:00+00:00,80.81509150703648,81.84909536430773,80.09641008573956,81.29136320508262,43119427
2016-10-21 00:00:00+00:00,79.96460926397093,81.05936083664464,79.10093702336117,80.16832796751724,46367812
2016-10-24 00:00:00+00:00,79.9542494792308,80.96031557525271,78.92986859486999,80.22611220432637,59385484
2016-10-25 00:00:00+00:00,79.51062973742836,80.679275760852,78.72469665143237,79.9597218376222,29978954
2016-10-26 00:00:00+00:00,79.99021068331118,81.88684691274136,79.31687618799167,80.4269841100279,56808881
2016-10-27 00:00:00+00:00,79.33986641062661,80.63060746369084,78.52612930245431,79.51430697776512,28994006
2016-10-28 00:00:00+00:00,79.79646547093623,81.27440123802661,79.584340669187,80.21752279485452,41085126
2016-10-31 00:00:00+00:00,81.85353473576245,83.05258459398092,81.37547647257223,82.13680949045761,29976122
2016-11-01 00:00:00+00:00,81.79310976347524,83.01524164573952,81.1671978393923,82.08629731230938,40100134
2016-11-02 00:00:00+00:00,82.49495938986173,83.68925638266619,81.54905209182172,82.64835137882811,58826242
2016-11-03 00:00:00+00:00,83.4242835633786,84.75295397591755,82.54281631366614,83.55652416888144,58489803
2016-11-04 00:00:00+00:00,82.76388387982892,84.35720569880027,82.36687507665891,83.15505960261844,20260102
2016-11-07 00:00:00+00:00,83.20538611984881,84.17566448849638,82.99750622300122,83.50397058079093,36091184
2016-11-08 00:00:00+00:00,83.324341180683,84.59919421380572,82.60284223982828,83.59908146172909,42294041
2016-11-09 00:00:00+00:00,83.40448948852672,84.70825087502179,83.01066679142544,83.79629277998768,59372960
2016-11-10 00:00:00+00:00,82.54247587976468,84.3192080056305,81.71407273865059,82.94868103936112,21343054
2016-11-11 00:00:00+00:00,82.8945299814041,84.18951216969023,82.53414698320137,83.05809324847185,30722305
2016-11-14 00:00:00+00:00,83.39160113817533,84.76819526438237,82.6508633866606,83.73569119796639,23159016
2016-11-15 00:00:00+00:00,85.40292189440936,86.17245816949935,84.11558928981437,85.55706352732044,38503550
2016-11-16 00:00:00+00:00,86.38763848421107,87.89382640794611,86.11377925151119,86.78818851862269,38624415
2016-11-17 00:00:00+00:00,89.08922540512971,90.06921137331679,88.48035797688597,89.45200746763656,55283619
2016-11-18 00:00:00+00:00,88.12854454373752,89.44839696773666,88.01976840035375,88.6111903921709,31716383
2016-11-21 00:00:00+00:00,89.61039194969314,90.38081712105004,88.61229324397435,89.7379751562357,41238811
2016-11-22 00:00:00+00:00,89.91516367466122,91.2300592101461,88.9874538825255,90.03798556312172,42594892
2016-11-23 00:00:00+00:00,92.53287425310565,93.45200119681908,91.83838355877009,92.74574908298293,40237312
2016-11-25 00:00:00+00:00,91.65110886706239,92.74765051374477,90.83441411908301,91.85579114055675,21330363
2016-11-28 00:00:00+00:00,90.72933341031101,92.32379970755859,89.5315502714708,90.92812492993981,23446839
2016-11-29 00:00:00+00:00,89.82635192319857,90.99317013880597,89.59255945309592,90.28885375540699,56667938
2016-11-30 00:00:00+00:00,87.62036040629542,88.82798395019401,87.29761437452989,87.82017888623523,49463663
2016-12-01 00:00:00+00:00,87.06049296976686,88.18854452138433,85.90760797551921,87.26927286021831,44944413
2016-12-02 00:00:00+00:00,86.03455436138668,86.95643770739959,85.36119658396596,86.43831366635386,52458787
2016-12-05 00:00:00+00:00,86.4188902731451,87.99154432369812,85.30812775466346,86.6987862101253,33928440
2016-12-06 00:00:00+00:00,86.77820915827583,87.7579392873725,86.09194815764472,87.1888933810579,24589369
2016-12-07 00:00:00+00:00,89.39415192509121,90.49455340909391,88.21013729815725,89.52029838811696,23257983
2016-12-08 00:00:00+00:00,90.44577851647085,91.80148528887916,89.81113363058506,90.74080699394021,26902066
2016-12-09 00:00:00+00:00,90.01507716707202,91.25694906375992,88.87866267585706,90.12852260714533,42851093
2016-12-12 00:00:00+00:00,89.00536372014516,90.31905663083518,87.71738353463745,89.1304250015273,32042858
2016-12-13 00:00:00+00:00,89.33815302599734,90.55400039085782,88.7286050436129,89.80072800733511,36578740
2016-12-14 00:00:00+00:00,88.1407500104633,88.80642693556878,87.61566300834795,88.29644815891034,57185603
2016-12-15 00:00:00+00:00,90.26123040502547,91.79764234029047,89.80540106290536,90.57419867793556,27973155
2016-12-16 00:00:00+00:00,91.80508858176081,93.10518342214867,91.37088224590369,92.0695268228011,30627763
2016-12-19 00:00:00+00:00,91.34757870977192,92.9226337434827,90.83965901267972,91.58651604027546,58531252
2016-12-20 00:00:00+00:00,89.15082126709149,90.93214296826709,88.80433915601536,89.6107546053664,57297617
2016-12-21 00:00:00+00:00,91.2066720956547,92.65872762215277,90.2602676676117,91.31540145436489,48021649
2016-12-22 00:00:00+00:00,90.89243776559151,92.24304830004128,90.16996201059791,91.25795364006174,45880085
2016-12-23 00:00:00+00:00,92.33797544074447,93.65696161026676,91.89683346718803,92.8233332144299,42545428
2016-12-27 00:00:00+00:00,90.66595275049191,92.28157822646803,89.87459924405582,90.99002002387665,53578795
2016-12-28 00:00:00+00:00,89.87604101151888,91.30206410936137,89.76919507072076,90.35076999633212,36037478
2016-12-29 00:00:00+00:00,90.31615928427952,91.12050463239737,89.84927419893577,90.43706243599394,28783406
2016-12-30 00:00:00+00:00,90.30592182088196,91.92841316807309,89.90160968815397,90.57343914851162,22045990
2017-01-03 00:00:00+00:00,89.90929746635172,91.49592045950888,89.09528308469619,90.11336058273653,58733084
2017-01-04 00:00:00+00:00,90.54845211556125,91.90709025769371,90.22678582285522,90.94078050155353,53313589
2017-01-05 00:00:00+00:00,89.24711715009552,90.3153357136042,88.95635158280184,89.73963598629442,21385049
2017-01-06 00:00:00+00:00,89.44616857929117,90.53660669418579,88.74846776809586,89.64878060426886,30487380
2017-01-09 00:00:00+00:00,89.51146552173351,91.17667302178575,88.56126923831276,89.87313536232314,59121680
2017-01-10 00:00:00+00:00,90.39122291008974,91.97223599173986,90.05659982728078,90.57046196319364,21498447
2017-01-11 00:00:00+00:00,91.17826771507166,92.2078725593979,90.35502099666368,91.5043998169003,50053022
2017-01-12 00:00:00+00:00,89.94925631201953,90.80180291872013,89.06595277565418,90.23482930669486,38322504
2017-01-13 00:00:00+00:00,87.9850901699595,89.85124275494495,87.17523652145547,88.47389230181211,32491230
2017-01-17 00:00:00+00:00,89.74369357901173,90.97650942706919,88.65435154903001,90.08710448809032,51135693
2017-01-18 00:00:00+00:00,90.3260787536311,91.6076422667334,90.04574345351654,90.56588130246583,51637604
2017-01-19 00:00:00+00:00,89.60205914464278,91.21576327064871,89.09391375308473,89.74769745859795,38372339
2017-01-20 00:00:00+00:00,91.528581097731,92.2556445571392,90.30290853516898,91.68907982922498,49380783
2017-01-23 00:00:00+00:00,91.71776261839592,93.0562073978285,90.9493708281894,91.90788939037641,30387693
2017-01-24 00:00:00+00:00,93.20265934671687,93.97715143382787,92.33845537231953,93.403046011253,25264482
2017-01-25 00:00:00+00:00,93.12382176580867,94.43953711741163,92.40104098522198,93.56406818894513,52329657
2017-01-26 00:00:00+00:00,95.7924765834905,97.42078024399696,94.93789909430788,96.11696569880351,49235129
2017-01-27 00:00:00+00:00,97.99401834518561,99.23684694249098,96.87163430641884,98.30337470973535,59684590
2017-01-30 00:00:00+00:00,97.93871018281277,99.58180008546341,96.58766831414879,98.08461773156046,27219155
2017-01-31 00:00:00+00:00,98.8864469953659,100.38956215765228,98.11034541177474,99.33050287270568,40884776
2017-02-01 00:00:00+00:00,99.79582829092446,101.0061161648438,99.3977328030027,100.18495401220785,36948452
2017-02-02 00:00:00+00:00,101.78024453648666,102.62742320715142,100.52755947895233,101.90731188124667,39787345
2017-02-03 00:00:00+00:00,100.44626968965864,101.6799242628367,100.28018281400978,100.82940372855055,53644175
2017-02-06 00:00:00+00:00,101.41525019361161,102.60519875430822,101.00158462767418,101.73266548054868,44203403
2017-02-07 00:00:00+00:00,102.95008472646947,103.65148854249215,101.68538914730446,103.08277486476818,40890140
2017-02-08 00:00:00+00:00,100.76896722444899,101.92186168048723,100.2960959666211,101.05228748106045,55509638
2017-02-09 00:00:00+00:00,99.4184987510095,100.67661578560075,98.99172620623978,99.71237726586152,21138422
2017-02-10 00:00:00+00:00,97.1789888364841,98.5680364047882,96.70717335940915,97.3452986525494,20758795
2017-02-13 00:00:00+00:00,96.62373119241582,98.25873993593754,95.74289869356902,97.10201045121593,39735033
2017-02-14 00:00:00+00:00,97.60307100957883,99.25182681340024,97.04300289897999,98.04306115817108,33962313
2017-02-15 00:00:00+00:00,99.55828068575468,100.43425330256318,98.75099641763217,99.92588962068632,32872874
2017-02-16 00:00:00+00:00,99.8098851327898,100.81247075677058,99.35573697311501,100.09480335719005,32482384
2017-02-17 00:00:00+00:00,101.8644357952418,103.29082630027546,100.87110159086438,102.1291420118756,41291369
2017-02-21 00:00:00+00:00,100.19263087515735,101.53700963019747,99.29301471705563,100.55302026201772,33127304
2017-02-22 00:00:00+00:00,98.27078858702878,99.09427481045988,97.77636330988324,98.58896133479153,32186528
2017-02-23 00:00:00+00:00,98.47739485376283,99.90679873854741,97.6916214631053,98.60230409611559,42876131
2017-02-24 00:00:00+00:00,98.83818157533463,100.41599220813309,98.43349235741256,99.14318263484276,40549731
2017-02-27 00:00:00+00:00,98.7613874902367,100.23236810012341,97.70738791380694,99.18394893712984,22942609
2017-02-28 00:00:00+00:00,96.49932246604321,97.34948174285826,95.63741584002358,96.78301841708199,30188808
2017-03-01 00:00:00+00:00,96.63529173864494,98.02258941919924,95.32153048895114,96.75607436966665,44935997
2017-03-02 00:00:00+00:00,94.85619968930722,96.3544245567922,94.4673254254317,95.27071096906083,45590456
2017-03-03 00:00:00+00:00,95.97377251480248,97.43627800481482,94.87242711465998,96.15431802765687,35901724
2017-03-06 00:00:00+00:00,96.47078758901786,97.92598291536892,95.40837727908834,96.67423592297308,55127164
2017-03-07 00:00:00+00:00,95.46049763800734,96.9293822513381,94.43472452751372,95.62638017938026,47106417
2017-03-08 00:00:00+00:00,94.85765385262762,96.10774794498084,93.62410090330943,95.08973987857622,29898445
2017-03-09 00:00:00+00:00,93.49598305003403,94.539008170503,93.00512831620317,93.89868365230949,44794008
2017-03-10 00:00:00+00:00,93.5957143917801,95.07462620896138,93.27275141199192,93.90346873558168,50719118
2017-03-13 00:00:00+00:00,94.94768701052287,96.25011330523513,93.9579306609391,95.12963952018316,33834629
2017-03-14 00:00:00+00:00,93.5756362333197,95.2690214517796,92.7974584641033,94.02676826458051,22740855
2017-03-15 00:00:00+00:00,94.25979134122132,95.38150508925266,93.63656350974311,94.71162408320193,57304654
2017-03-16 00:00:00+00:00,93.7070835711366,94.85029014105528,93.44849704802161,94.155314941155,21380188
2017-03-17 00:00:00+00:00,93.08834905788757,94.67427705965952,92.27941160077084,93.28386754244019,31516163
2017-03-20 00:00:00+00:00,92.95493537282232,94.48540890894678,92.42324137392559,93.23543111049472,27530577
2017-03-21 00:00:00+00:00,91.57914446113513,93.48136881229179,91.14567379542478,92.07314032359147,39837681
2017-03-22 00:00:00+00:00,91.07995616665086,92.74747647833877,90.34354258133018,91.48876115717485,43500216
2017-03-23 00:00:00+00:00,90.020440717578,91.22846299205852,88.88609294337739,90.13130768606823,27770032
2017-03-24 00:00:00+00:00,92.44289600906369,93.72311058259577,91.83675315466654,92.56897784556789,52304358
2017-03-27 00:00:00+00:00,92.40572155720902,94.08042203187397,91.785968747287,92.69129410793396,22818767
2017-03-28 00:00:00+00:00,91.46793541599824,93.0104302528548,91.16246192735123,91.93162349834286,59418481
2017-03-29 00:00:00+00:00,91.95291867204284,93.4007907155523,91.56976777736206,92.26839939122392,29850941
2017-03-30 00:00:00+00:00,91.9144807283812,92.87008244759852,90.93021851159908,92.21360573159492,28958825
2017-03-31 00:00:00+00:00,91.88625273217241,93.00236343227115,90.61918951771807,92.02844221215506,25531052
2017-04-03 00:00:00+00:00,92.48273021031744,94.06183936416527,91.97521006652259,92.84544225220716,26321001
2017-04-04 00:00:00+00:00,93.40561024002383,94.60539420258029,92.58317257989016,93.83445150426392,34235345
2017-04-05 00:00:00+00:00,93.02568212412827,93.98010430765582,91.88085483776688,93.27785012713129,47294649
2017-04-06 00:00:00+00:00,92.25662349798753,93.48069504658208,91.32074402782743,92.66686823835767,37201406
2017-04-07 00:00:00+00:00,91.93101554021537,93.15830682976853,91.73399281323647,92.4168062017757,43520787
2017-04-10 00:00:00+00:00,89.55299422044193,90.4494134411294,88.27820892257964,89.734500804093,50825017
2017-04-11 00:00:00+00:00,87.68693967697685,88.92112237232283,87.11959508902528,87.99627152945475,50249071
2017-04-12 00:00:00+00:00,89.50166546715434,91.12435916427171,88.87727998921434,89.71652065038818,57027128
2017-04-13 00:00:00+00:00,91.3533401389762,92.77754155332845,91.20805057931194,91.77048190658972,55675109
2017-04-17 00:00:00+00:00,91.2206013127696,92.23955903993739,90.56546500501717,91.55163865912206,52023414
2017-04-18 00:00:00+00:00,91.96967404776886,92.90047868416985,91.71449339914805,92.32350701478899,48388813
2017-04-19 00:00:00+00:00,92.35784153639487,93.97316334537915,92.02846737931381,92.77700720024123,50117728
2017-04-20 00:00:00+00:00,96.29327598132252,97.4344629348239,95.73472154862023,96.55166417038751,30404915
2017-04-21 00:00:00+00:00,97.50911803674619,99.29698501069437,96.66632774061732,97.975154064109,45072135
2017-04-24 00:00:00+00:00,97.58844140743363,99.06116372297286,96.5261643039362,97.90165295433209,32350251
2017-04-25 00:00:00+00:00,96.67182249647745,98.13124587615296,96.03253810815012,96.83500442561159,38881633
2017-04-26 00:00:00+00:00,94.60890919403498,95.75921488072095,93.62857072005792,94.9872688413025,42226820
2017-04-27 00:00:00+00:00,94.89412066416786,96.50378412680422,93.95419426697337,95.31142520434317,37675844
2017-04-28 00:00:00+00:00,94.257099639175,95.24786629469573,93.21915335961712,94.483804310002,57315486
2017-05-01 00:00:00+00:00,92.41422815568528,94.29616833793509,92.2104047444696,92.85709985848479,22396716
2017-05-02 00:00:00+00:00,91.69875509548744,93.29758667892713,90.97088955049303,92.16121239739375,52121887
2017-05-03 00:00:00+00:00,90.73259299810536,91.76786659323183,89.49833072847592,90.94335479305649,30944125
2017-05-04 00:00:00+00:00,92.55451616605748,93.81743661743585,91.86538427637642,93.04792475514357,46235458
2017-05-05 00:00:00+00:00,94.02960785226341,94.87681904855455,93.35427561437508,94.18589246348292,47509277
2017-05-08 00:00:00+00:00,94.07551902654198,95.4509662527967,93.25574597647214,94.25632529390298,46167499
2017-05-09 00:00:00+00:00,95.9385683248758,96.83097387356894,94.96653321721996,96.11225826057101,22057244
2017-05-10 00:00:00+00:00,95.827504345745,97.38040349567564,95.27452982101966,96.28510022974815,34842498
2017-05-11 00:00:00+00:00,94.96984216722424,96.09619421507959,94.71160624642326,95.33155918815423,22707929
2017-05-12 00:00:00+00:00,97.07846636758892,98.40127702567169,96.4272440362258,97.23930808087782,34240440
2017-05-15 00:00:00+00:00,97.68987076595207,99.28093986183994,96.66360410274577,97.9660001332994,57826945
2017-05-16 00:00:00+00:00,96.45518553807973,98.07932999125231,95.43988670201213,96.80130474810765,40115885
2017-05-17 00:00:00+00:00,96.51951270041157,97.9137496653381,96.01559830169175,96.65289833440733,45079474
2017-05-18 00:00:00+00:00,95.22918988298268,96.36987883603787,94.22976967794689,95.68215643034561,27738667
2017-05-19 00:00:00+00:00,93.6813553390118,94.69118170017293,93.2739741353398,94.10279675318841,55858742
2017-05-22 00:00:00+00:00,94.99212710079574,96.49315863871378,94.13189607149567,95.29420981022639,52096726
2017-05-23 00:00:00+00:00,97.17865913268689,98.5338569925849,96.41368463283386,97.66550977879055,20976264
2017-05-24 00:00:00+00:00,95.80012429849755,96.99957491661094,94.7552824555697,96.06722869020759,32482177
2017-05-25 00:00:00+00:00,96.32914764662166,97.35394086702965,95.37704207201034,96.82279177423626,52507324
2017-05-26 00:00:00+00:00,95.75485269176862,96.88159714056512,95.30910114326126,96.12202069129007,32869365
2017-05-30 00:00:00+00:00,95.26360172147086,96.1511466346469,94.25896377622088,95.61747023077244,27299243
2017-05-31 00:00:00+00:00,94.82021556356749,96.36578329428704,94.35491061824959,94.9865975216858,57482526
2017-06-01 00:00:00+00:00,93.57703749474817,94.77320528128855,92.82476769171643,94.02980859807002,31354091
2017-06-02 00:00:00+00:00,93.89703867643557,95.22537172117681,92.92605682208982,94.16803455160381,42573102
2017-06-05 00:00:00+00:00,93.08600104959757,93.78987373257169,92.07317117070924,93.25089441191056,49585537
2017-06-06 00:00:00+00:00,93.55039959485607,94.82228999415203,92.90312786671123,93.65544260284638,58739788
2017-06-07 00:00:00+00:00,93.35125459805205,94.49818421726151,92.3021137244922,93.67515687150741,56020281
2017-06-08 00:00:00+00:00,93.15745936641865,94.86633840222538,92.79956075189732,93.46841921526772,22933865
2017-06-09 00:00:00+00:00,92.07160137187013,93.84746100975183,91.90570802929696,92.4593428208178,43444267
2017-06-12 00:00:00+00:00,91.39111400292867,92.67250784249754,90.62975223352387,91.84721722413579,27587145
2017-06-13 00:00:00+00:00,92.7019240612695,94.23464759081718,91.85821097989397,92.8336866951267,28970922
2017-06-14 00:00:00+00:00,93.12218872413982,95.01094499377473,92.16568930031728,93.51478732027596,26147454
2017-06-15 00:00:00+00:00,92.24675624887867,93.74713669064165,91.53832388545945,92.4217210265177,27907288
2017-06-16 00:00:00+00:00,92.1776489717699,93.965791140788,91.95264120452505,92.62091979303277,32229793
2017-06-19 00:00:00+00:00,93.17495893553425,94.351593077188,92.26614214860903,93.60258434107891,20145693
2017-06-20 00:00:00+00:00,91.36298050173905,92.75600040259103,90.6303883720932,91.67929800373327,55204166
2017-06-21 00:00:00+00:00,92.02723311513986,92.97858614855656,91.72213444219884,92.41133023458919,32076798
2017-06-22 00:00:00+00:00,91.47044167858067,92.29109966067584,90.47579772526773,91.69618172385417,29299397
2017-06-23 00:00:00+00:00,92.17243296659282,93.95979273819924,91.44978648767645,92.46090012616595,37662837
2017-06-26 00:00:00+00:00,91.19633437923075,92.45162838774084,90.52067615607461,91.62498913831493,35244854
2017-06-27 00:00:00+00:00,89.25542453864823,90.78731452956636,88.57823227931094,89.53913061751751,32881730
2017-06-28 00:00:00+00:00,87.42296038592754,88.97274474508454,86.33737070823972,87.66607969205772,33542914
2017-06-29 00:00:00+00:00,87.50609664915126,89.16180489905861,86.47421891236833,87.80378162805138,44840217
2017-06-30 00:00:00+00:00,87.76414892914227,89.69307692751931,86.98605980829277,88.19544863011716,35276157
2017-07-03 00:00:00+00:00,86.95618546104352,87.93176516524873,86.5848673025954,87.19026867999186,24379845
2017-07-05 00:00:00+00:00,87.86707499327042,88.5769304573844,86.69772576862064,88.03657963052471,27150265
2017-07-06 00:00:00+00:00,85.73794994766965,87.03394707379654,84.95174257526905,86.12275555580196,21703728
2017-07-07 00:00:00+00:00,85.69306851234195,86.75354046725413,84.92643563142089,86.12345979742518,24762315
2017-07-10 00:00:00+00:00,84.60998536630083,85.27266624687229,83.88725751730637,84.75024035771024,40154352
2017-07-11 00:00:00+00:00,83.85208738324528,84.90846385548913,82.66875747219065,84.04803702834765,41555046
2017-07-12 00:00:00+00:00,84.02812663802294,85.46865368500258,82.95954383369249,84.18491543392734,37036641
2017-07-13 00:00:00+00:00,82.99324283095373,84.29860008681167,82.6198289290574,83.2324193955866,35835732
2017-07-14 00:00:00+00:00,82.57081235094864,83.66373073172117,81.94317470810465,82.85095274251081,27604323
2017-07-17 00:00:00+00:00,83.73897357878282,85.29284611906087,82.75212375160801,84.13850411356815,24494893
2017-07-18 00:00:00+00:00,83.16577483618771,84.25825205044919,82.979037168443,83.52623387014037,33292075
2017-07-19 00:00:00+00:00,84.26069297762717,85.12344585069063,83.1476477849765,84.60906440461855,29019066
2017-07-20 00:00:00+00:00,83.09246620038554,84.59776956546584,82.15425361070984,83.33341617902941,55999345
2017-07-21 00:00:00+00:00,83.61260217129384,85.17292427739176,82.91780521488438,84.04918119252775,26504938
2017-07-24 00:00:00+00:00,85.57054867035798,87.1213661618182,85.08850428082926,85.85906353731724,27131390
2017-07-25 00:00:00+00:00,82.48144816195843,83.51202815385216,82.22429834842531,82.97309013716449,23787132
2017-07-26 00:00:00+00:00,81.74315897528163,83.43393545843057,80.65475761111132,82.09681583059992,52281467
2017-07-27 00:00:00+00:00,82.71879648659076,83.98882858325287,82.07102992898244,82.86930238321656,45961735
2017-07-28 00:00:00+00:00,82.33517689513481,83.76904327067761,81.43014262324597,82.70564791996497,49959777
2017-07-31 00:00:00+00:00,83.00098136183787,84.35563701612509,82.33790116980347,83.23102296801055,46891064
2017-08-01 00:00:00+00:00,82.21170986527713,83.95067399081992,81.94698667316686,82.58624074395156,45594734
2017-08-02 00:00:00+00:00,82.64229202965409,83.85708499547796,82.25943319122369,82.77014848891905,48435784
2017-08-03 00:00:00+00:00,82.49338323157818,83.74428618633674,81.6190784694333,82.66333580644856,40814962
2017-08-04 00:00:00+00:00,83.70237937687801,85.6353534375061,82.6688954618914,84.14467428044033,53635603
2017-08-07 00:00:00+00:00,84.33910746959236,85.78670945947034,83.66084309859257,84.52997929240178,38960664
2017-08-08 00:00:00+00:00,84.58028603679485,85.95739629234315,84.15791015289898,85.01510248689202,54743570
2017-08-09 00:00:00+00:00,84.3891396921633,85.80824712757799,83.75675850969562,84.60085012754506,22249476
2017-08-10 00:00:00+00:00,83.73856989463458,84.98495313034985,83.0751788213532,84.09572265865806,34921599
2017-08-11 00:00:00+00:00,83.27899260387059,84.38552829575802,82.71598794985023,83.65665283327452,33963591
2017-08-14 00:00:00+00:00,83.90493350287046,85.30684728101623,82.83008077740146,84.20999540412848,29840850
2017-08-15 00:00:00+00:00,83.56268975646547,85.21299612525812,82.77929323542068,83.78481402714417,57018326
2017-08-16 00:00:00+00:00,84.02748610487143,85.64168337543533,83.2047860172313,84.21254385541987,54337690
2017-08-17 00:00:00+00:00,86.66974907196943,87.62493009189988,86.14465321907385,86.7830248137944,38674215
2017-08-18 00:00:00+00:00,87.68679589741615,88.93605192413412,86.42563491700204,87.90837445791243,50580703
2017-08-21 00:00:00+00:00,87.2358811030985,88.30878211788088,86.84717332844218,87.59714621931101,56407321
2017-08-22 00:00:00+00:00,88.64328099852835,90.61423403540664,88.54523885844814,89.11860292590775,29749181
2017-08-23 00:00:00+00:00,88.26043068537666,90.19003038614983,87.54576622930668,88.70891247828189,30266495
2017-08-24 00:00:00+00:00,85.93673712545434,87.49267196577591,85.2477966659116,86.34316303606846,52053929
2017-08-25 00:00:00+00:00,84.79808052566626,86.51787352264505,84.29831380897483,85.21345946296758,22337180
2017-08-28 00:00:00+00:00,82.68251519634615,84.26360931902025,82.12631692385587,83.04850915773655,23485862
2017-08-29 00:00:00+00:00,82.50257823386058,83.79985119592644,81.42162905584054,82.70669297688697,41012256
2017-08-30 00:00:00+00:00,82.3459170196321,83.36214302890333,82.11308239181479,82.80879503191443,42306770
2017-08-31 00:00:00+00:00,84.53222688188244,85.85528414919743,83.58026648769987,84.90051980664477,32792036
2017-09-01 00:00:00+00:00,85.04865640276958,86.54761895732916,84.22408554126675,85.37283265516176,35310432
2017-09-05 00:00:00+00:00,85.04551623290573,86.36744363447481,84.2709422468116,85.18991202059112,22757398
2017-09-06 00:00:00+00:00,85.98637650048873,87.13832133643369,85.30717010142743,86.2651987180113,53943174
2017-09-07 00:00:00+00:00,83.40769303872108,85.13352833385987,82.93518914001575,83.69183634720184,45808735
2017-09-08 00:00:00+00:00,83.60874837312305,84.7219308491689,82.80245948423514,84.05457381693212,52805387
2017-09-11 00:00:00+00:00,84.74095276152137,86.05997149581204,84.04673730729121,85.05961204959648,54231367
2017-09-12 00:00:00+00:00,83.11314833507251,84.5561925312115,82.54445401191083,83.36530855466067,30073732
2017-09-13 00:00:00+00:00,84.32709327510473,86.0149492124008,83.72176329074804,84.81781340650899,31511913
2017-09-14 00:00:00+00:00,85.15972085817175,86.4526480522711,83.80827464345096,85.30400909550228,33015771
2017-09-15 00:00:00+00:00,84.61664422749655,85.66095181227318,83.95040131916477,84.88566359882132,49239156
2017-09-18 00:00:00+00:00,85.6081919680803,86.3812084068355,84.30431043737025,85.72500183814887,27793604
2017-09-19 00:00:00+00:00,88.13387161920738,89.66577359434086,87.68481642758958,88.52983326751415,20401072
2017-09-20 00:00:00+00:00,88.36084215270468,89.92737488972378,88.27334006665936,88.82807277358434,36674948
2017-09-21 00:00:00+00:00,88.99392254532455,89.88529348743398,88.50169537077632,89.20593747714474,55650069
2017-09-22 00:00:00+00:00,88.2913677269768,89.93984354326702,87.81600925436877,88.73470439769645,39565518
2017-09-25 00:00:00+00:00,87.57800386215393,88.75006314607235,87.07525622574413,87.7948911543387,52798988
2017-09-26 00:00:00+00:00,88.40698606953423,90.03905472579495,88.37106709597354,88.8712941341918,45909088
2017-09-27 00:00:00+00:00,87.52240878166245,89.26136062287131,86.50899200535363,87.92399354310116,35140586
2017-09-28 00:00:00+00:00,87.66791031702785,88.75960145634134,86.7459936165335,88.08987302776443,24859633
2017-09-29 00:00:00+00:00,87.4894814694061,88.11582895964312,86.35439186015934,87.59668409164628,58023284
2017-10-02 00:00:00+00:00,87.76633573971235,89.53056246893773,87.58364528689592,88.25145988254195,27742237
2017-10-03 00:00:00+00:00,88.34118601205816,89.84155183403891,88.11149083267631,88.73185440888629,43527193
2017-10-04 00:00:00+00:00,89.83500190384132,91.25654191161789,89.48929759252339,90.05690234199577,51738784
2017-10-05 00:00:00+00:00,89.09312479742653,90.8630376383587,88.30085347459715,89.52488266337006,37196719
2017-10-06 00:00:00+00:00,89.06842426165205,90.58384367584253,87.85222478033013,89.28103274101802,26488000
2017-10-09 00:00:00+00:00,87.7374147462528,89.64743642900808,87.25598046116622,88.18651628207925,44363760
2017-10-10 00:00:00+00:00,87.58833221382315,88.76929944884004,87.11422369799187,87.73336436998792,34395813
2017-10-11 00:00:00+00:00,87.88465057065743,89.25462059430166,87.25373214090965,88.26612496164175,36935469
2017-10-12 00:00:00+00:00,88.93823191095821,90.15639850150691,88.40567939415754,89.25451130161618,23211369
2017-10-13 00:00:00+00:00,88.08929912452486,88.88160395544723,87.35308798825304,88.22791291260303,21659537
2017-10-16 00:00:00+00:00,89.15468248542629,90.42404724961185,88.23010939257412,89.35144001672982,54834330
2017-10-17 00:00:00+00:00,90.95324383278484,91.83521797162174,89.83948733403356,91.05820544729576,22364840
2017-10-18 00:00:00+00:00,91.3468201449784,93.05563484337718,91.02372373229105,91.6343273311642,54325575
2017-10-19 00:00:00+00:00,93.74597620192989,95.04967311051098,93.43089207542741,93.96648230623389,40683593
2017-10-20 00:00:00+00:00,92.7785922735905,94.21077544781771,91.6236049646239,93.1179352673096,35267600
2017-10-23 00:00:00+00:00,91.48545450025246,92.5592742842129,90.97162127442034,91.7043496233359,21461433
2017-10-24 00:00:00+00:00,89.42991768004798,90.20187467662848,89.0960547997423,89.64988532465077,56902981
2017-10-25 00:00:00+00:00,91.12786121894514,92.05688226381078,90.83526316934186,91.52513849843778,35460301
2017-10-26 00:00:00+00:00,92.27112015167131,93.31371243021586,91.85141943971419,92.39037728606266,51275157
2017-10-27 00:00:00+00:00,91.94251768289331,92.98824105906735,91.51186478635294,92.40367568097011,30536473
2017-10-30 00:00:00+00:00,92.37873248279742,93.92648498809403,91.51723624810258,92.8196380325539,27753638
2017-10-31 00:00:00+00:00,91.18192930250528,92.9300241814355,90.70780672603811,91.54905117579584,48107874
2017-11-01 00:00:00+00:00,94.22666492329307,95.94686836785475,93.61977014445766,94.56395355133603,54543154
2017-11-02 00:00:00+00:00,94.34209797045044,95.95806437983853,93.62343219613885,94.7990189697063,38814614
2017-11-03 00:00:00+00:00,94.83616065142068,95.7215245547051,94.00139865316228,95.01029272323217,34533551
2017-11-06 00:00:00+00:00,95.82962500703427,97.32420950326947,94.59976698588927,95.9612126719106,23527110
2017-11-07 00:00:00+00:00,96.42261968203084,98.00451718530788,95.25238807494891,96.61842374999466,57844071
2017-11-08 00:00:00+00:00,96.54925326764955,97.66373816408257,96.45717388363846,96.96708457912962,43176113
2017-11-09 00:00:00+00:00,95.98464712590466,97.33594131836593,94.82046892611204,96.09851523259525,54619992
2017-11-10 00:00:00+00:00,96.41115452712505,97.53079681008556,95.78354366091678,96.74427726115844,43966420
2017-11-13 00:00:00+00:00,98.58453165045195,100.38534696928141,97.59386611562482,99.08270665692848,43711414
2017-11-14 00:00:00+00:00,100.33493227477945,102.27444861221807,99.79397863643902,100.77721071231446,27389434
2017-11-15 00:00:00+00:00,102.4604563886643,103.29906066961112,101.28213871889344,102.76903466428173,36868872
2017-11-16 00:00:00+00:00,102.11011948884965,103.63294171835524,100.98100649135857,102.23557585256431,55717198
2017-11-17 00:00:00+00:00,100.69550066249973,102.25068060185266,100.37944518364071,101.12805006825401,20353153
2017-11-20 00:00:00+00:00,100.71751436086355,102.53048838329926,100.01871078484747,101.05710576413443,40230924
2017-11-21 00:00:00+00:00,101.05800246005704,102.16898517640729,99.71184001940229,101.20397565888086,51339570
2017-11-22 00:00:00+00:00,102.45946256711666,103.94439341161737,101.23947487329407,102.597005481046,20987938
2017-11-24 00:00:00+00:00,100.18219719761358,101.2084419939865,100.048681031597,100.64604792538822,27074533
2017-11-27 00:00:00+00:00,102.19382820356573,103.39678735881925,101.35513631193096,102.56150830874095,50296194
2017-11-28 00:00:00+00:00,102.02018411071947,103.01891536819738,101.60631924457536,102.45189883044617,46147838
2017-11-29 00:00:00+00:00,101.56804998639636,103.49498467998833,101.51265928462891,102.01964154650926,20862839
2017-11-30 00:00:00+00:00,100.55640735537773,102.20209020346888,99.98163532717005,100.88511629619705,37841583
2017-12-01 00:00:00+00:00,98.67230974925612,100.3318357112041,98.24453386823316,98.97928828995813,46272447
2017-12-04 00:00:00+00:00,99.77492202658404,101.48505822214632,98.72822372019196,100.04709299071243,52999920
2017-12-05 00:00:00+00:00,99.98829591622207,100.80017803745831,99.37774394249276,100.21507455133852,20461122
2017-12-06 00:00:00+00:00,98.47328308730576,99.63271906416259,97.41959777769543,98.74712147164925,54229457
2017-12-07 00:00:00+00:00,96.86347508288085,97.84406183421692,96.77242900633811,97.27302694517292,32498291
2017-12-08 00:00:00+00:00,96.6093159336187,97.66087840757478,96.14226615599864,96.95008530602476,59032267
2017-12-11 00:00:00+00:00,98.5759018203901,99.7622769134097,98.29174592206428,99.03291113637204,51805572
2017-12-12 00:00:00+00:00,98.52404950898404,99.77050872578329,98.0678341536671,98.80140151473572,55160184
2017-12-13 00:00:00+00:00,96.73479413950648,97.84619213844762,96.50944335122853,97.07762997099398,37584256
2017-12-14 00:00:00+00:00,96.51021527285405,97.46371640090861,96.17561402368034,96.86273829409085,26634586
2017-12-15 00:00:00+00:00,96.2787911454711,97.28296109948775,95.55992044050802,96.61547001039364,40909659
2017-12-18 00:00:00+00:00,93.07815252962955,94.10648160241584,92.66784496602601,93.45920603886375,42009406
2017-12-19 00:00:00+00:00,93.27907881169246,94.94712899695467,92.55665741671322,93.47405219904238,47609116
2017-12-20 00:00:00+00:00,92.97198525177365,94.53622326971043,92.40006388244477,93.27693076279196,27920337
2017-12-21 00:00:00+00:00,94.05068847944472,95.66013986583762,92.81647347556816,94.19237840056806,48808715
2017-12-22 00:00:00+00:00,96.23732118344455,97.43086620101039,95.08582671549196,96.49112571450247,22154828
2017-12-26 00:00:00+00:00,97.62793692251127,98.70137223162243,96.93004677830392,97.92300374995978,59333160
2017-12-27 00:00:00+00:00,97.31944761747579,98.97863051850317,96.85018137097838,97.68033732129398,31981953
2017-12-28 00:00:00+00:00,95.95229380976949,97.25876014884511,95.8257055268016,96.43250623080397,58847780
2017-12-29 00:00:00+00:00,99.26027756808446,100.39992136840915,98.1471351153217,99.6005379947038,22784975
2018-01-02 00:00:00+00:00,99.35416254905056,100.48410610772902,99.19137317062089,99.75160011552119,35629231
2018-01-03 00:00:00+00:00,99.54580884201864,100.47799424404096,99.05066498824844,99.84831526581672,28371223
2018-01-04 00:00:00+00:00,99.54572354873419,100.65582822230148,99.10129896011472,99.89936516128472,28840597
2018-01-05 00:00:00+00:00,100.08869398775265,101.07238662268004,99.39666558806594,100.21706687420615,35724345
2018-01-08 00:00:00+00:00,99.92207774756068,101.29782858804315,99.45954753662501,100.12383437989742,58466733
2018-01-09 00:00:00+00:00,99.27069873435907,100.07800481386059,98.23227854071743,99.51543997164113,28126492
2018-01-10 00:00:00+00:00,98.65021190015005,99.649716181818,98.31671138018667,98.93920924215266,39854242
2018-01-11 00:00:00+00:00,98.8616458196925,100.28892895818512,97.8449986587403,98.97990531789345,20148469
2018-01-12 00:00:00+00:00,98.25178595351161,99.05471751611671,97.78394956582711,98.40779559253293,40947771
2018-01-16 00:00:00+00:00,97.42165493020381,98.47502579984287,97.06184501572739,97.63238065332034,35774046
2018-01-17 00:00:00+00:00,97.35148385019019,99.20475584840875,96.43066742286474,97.84009692655061,33699048
2018-01-18 00:00:00+00:00,97.38158546280437,98.26904957678903,96.92399549932688,97.61412426564559,37293610
2018-01-19 00:00:00+00:00,99.20609942869999,100.08165268756301,98.17766569738511,99.49891585194482,48939983
2018-01-22 00:00:00+00:00,96.21931299677784,97.38229007695321,95.35312121076608,96.39775208187321,38868041
2018-01-23 00:00:00+00:00,97.44324827574985,98.58997981545869,97.20970378457139,97.78756030418016,31092722
2018-01-24 00:00:00+00:00,99.15058924897093,100.42627089966116,97.90741434373925,99.36286253517731,33880983
2018-01-25 00:00:00+00:00,96.77199722491216,98.258599146771,96.20783308929563,96.95479425628753,50459094
2018-01-26 00:00:00+00:00,96.31694009201271,97.26071763154386,95.2639237980385,96.62356914339111,55973285
2018-01-29 00:00:00+00:00,96.15563778453199,97.33853918875045,95.5890300984116,96.25784010419616,27249127
2018-01-30 00:00:00+00:00,94.5457604574751,95.65433483092464,93.29488318839293,94.64882607053478,45698073
2018-01-31 00:00:00+00:00,93.60781852178499,94.43952483143893,93.28221723252044,93.79544604542573,34673090
2018-02-01 00:00:00+00:00,92.42806648586641,93.66675351639573,91.53097457429726,92.54275503086674,57938509
2018-02-02 00:00:00+00:00,94.58226926132282,95.49911998083587,93.45603698355355,94.7254795629751,52845567
2018-02-05 00:00:00+00:00,95.69274937501655,96.91612795329607,94.49349811725926,95.92829363475205,49702936
2018-02-06 00:00:00+00:00,97.11312547691311,98.1164320730221,96.12495761253855,97.53415974874504,21129775
2018-02-07 00:00:00+00:00,98.1513467682492,99.43975028281054,97.16054135604928,98.48016622559692,54725365
2018-02-08 00:00:00+00:00,96.90023700975368,98.01176756817907,95.81711275047495,97.20530410013625,56073361
2018-02-09 00:00:00+00:00,96.43848425131726,97.97826099178587,95.95666009476344,96.65587978060051,37636950
2018-02-12 00:00:00+00:00,96.8504277663009,97.88010798107139,96.5389449583623,97.32312925407402,58761620
2018-02-13 00:00:00+00:00,95.67776986690882,96.85518315832202,95.14760735848263,95.93657588340369,47423552
2018-02-14 00:00:00+00:00,96.73733689289224,97.83060542374199,95.99512006860886,96.87217399961055,21872154
2018-02-15 00:00:00+00:00,96.31695691537367,97.88878959811991,95.7704628514356,96.66378352182079,20913605
2018-02-16 00:00:00+00:00,96.14846319537062,97.36828612785148,95.24944322810659,96.29399855276127,39786742
2018-02-20 00:00:00+00:00,96.98906125748478,98.39436285179964,96.56727075123901,97.22715051460546,46676223
2018-02-21 00:00:00+00:00,97.53730171290158,99.11731577404046,96.64901982460272,97.8402664883887,45182763
2018-02-22 00:00:00+00:00,97.03741807953175,98.849310063064,96.81954055010131,97.48710708940581,30929691
2018-02-23 00:00:00+00:00,98.66088422130686,99.77217835016538,98.14799437133836,98.9583028534429,49666732
2018-02-26 00:00:00+00:00,97.36012335391037,98.77904956568693,96.73768172971688,97.74102686032303,22032656
2018-02-27 00:00:00+00:00,98.06302285305652,99.90025766709535,97.26370902713266,98.56014958865615,26490750
2018-02-28 00:00:00+00:00,99.19927545025902,100.84132222918326,98.11240186497949,99.35187109821821,27221626
2018-03-01 00:00:00+00:00,98.85052276083363,100.4499346820852,97.91488101463091,99.06041537104143,59908007
2018-03-02 00:00:00+00:00,99.27394456749292,100.40324226035635,98.8760017371518,99.53177499773197,25198054
2018-03-05 00:00:00+00:00,97.84170743465407,98.80560522328825,97.06339336045403,98.1104387060696,55408597
2018-03-06 00:00:00+00:00,99.03486269901167,100.28866366652447,98.711824627318,99.29927112911788,47413661
2018-03-07 00:00:00+00:00,98.69434416436367,100.39903001722234,98.28002538858965,99.1573885653863,51041604
2018-03-08 00:00:00+00:00,98.22450788297671,99.60269001151674,97.6966044104735,98.61012094076345,53931656
2018-03-09 00:00:00+00:00,99.60576992613144,100.93211287508139,99.40912057232197,99.94893201176772,34500948
2018-03-12 00:00:00+00:00,98.9599704959713,100.52195000419822,98.40973148364644,99.18371958311641,32821090
2018-03-13 00:00:00+00:00,97.14404987379162,98.43496980654733,96.11791656021366,97.57356602748014,41230938
2018-03-14 00:00:00+00:00,95.30358681465746,97.1454056940631,94.33197841142177,95.78561101925146,59875568
2018-03-15 00:00:00+00:00,96.16434364784614,97.49962776181795,95.74049590661369,96.59282296086623,28623041
2018-03-16 00:00:00+00:00,95.03568169579411,95.96454084354903,94.59320762892237,95.1363077378707,47192023
2018-03-19 00:00:00+00:00,96.96750020817856,98.27605066745163,96.64296581692375,97.32206075625193,54003366
2018-03-20 00:00:00+00:00,94.78329131421462,96.16619242546633,94.01152767335792,94.90374546679146,39435101
2018-03-21 00:00:00+00:00,96.81645022060601,97.6454951366035,95.57171341077029,97.01949310873951,58796461
2018-03-22 00:00:00+00:00,97.22890418924355,98.04913328525467,96.71151500584547,97.35271406938266,25772964
2018-03-23 00:00:00+00:00,96.97514015395844,98.76810316080127,96.05314249146997,97.31665833513819,51103195
2018-03-26 00:00:00+00:00,96.3681194655704,97.41824705834881,96.13407289159275,96.74275543096745,42421435
2018-03-27 00:00:00+00:00,97.15592371296357,98.36944608612099,95.82046119079865,97.30171876818993,31296266
2018-03-28 00:00:00+00:00,97.08302157206212,98.41587159194205,96.45494062617098,97.33655712528011,30466646
2018-03-29 00:00:00+00:00,98.45802478011771,99.73014384575018,97.46528484480088,98.74051938369993,53408376
2018-04-02 00:00:00+00:00,98.70997135339,100.1023378106712,98.11500147928325,98.95759256209438,38719336
2018-04-03 00:00:00+00:00,99.06954467565456,99.94778140164625,98.09028579868982,99.21795467584863,31328513
2018-04-04 00:00:00+00:00,98.59404090511703,99.91428228896876,98.16960393645198,98.86162002119201,44088676
2018-04-05 00:00:00+00:00,98.47281405360337,99.74545852797362,98.22726425342977,98.87328527272673,20821939
2018-04-06 00:00:00+00:00,99.1942443295839,100.48431465502638,97.88458325582907,99.3226473953972,47650908
2018-04-09 00:00:00+00:00,97.21837331857648,97.99166886758239,95.93279804630481,97.35044532420925,44247612
2018-04-10 00:00:00+00:00,95.570714300948,96.88350023452188,94.42515387746951,95.8126228176824,22500120
2018-04-11 00:00:00+00:00,96.30784944586208,97.46981008589297,95.65910628034305,96.78453973050965,33831553
2018-04-12 00:00:00+00:00,96.70214919757402,97.84822131937823,95.76131004504691,97.06957825626318,50352409
2018-04-13 00:00:00+00:00,96.55733026997093,97.64750805296354,96.35976131572859,96.92879825263996,23932613
2018-04-16 00:00:00+00:00,96.78615097598329,97.71375675218725,96.19612993042776,97.03091897231843,57609464
2018-04-17 00:00:00+00:00,97.19055270226902,98.8537279703131,96.71431389399528,97.52801701875244,48923202
2018-04-18 00:00:00+00:00,96.85625292877012,97.7460129700421,95.8246600804286,96.96030540238121,52778976
2018-04-19 00:00:00+00:00,95.75190131333461,97.53346351376288,95.2503819584278,96.10633973189843,42658560
2018-04-20 00:00:00+00:00,95.95603925898516,97.89128056336084,95.77284725637197,96.42135403801565,22196274
2018-04-23 00:00:00+00:00,94.98227731753968,96.39856717481472,94.23083962946407,95.32730670487761,22429700
2018-04-24 00:00:00+00:00,95.44773057434844,96.5402111344007,94.5828260910659,95.89721001173498,36068491
2018-04-25 00:00:00+00:00,93.54452046446313,94.80865793002916,93.0519861921896,93.93410968664958,24096920
2018-04-26 00:00:00+00:00,95.10087308487887,96.54682871478856,94.61682773634188,95.24909645144035,44335160
2018-04-27 00:00:00+00:00,95.43523210742167,96.76360415903308,95.19952523302318,95.896213430336,59569778
2018-04-30 00:00:00+00:00,96.15687157377035,96.87046632981544,95.54596580634328,96.28344911151265,30462498
2018-05-01 00:00:00+00:00,97.22909130322817,98.59946320317546,96.74278069925273,97.54267829224727,31770187
2018-05-02 00:00:00+00:00,99.46439277608498,100.9663684770984,98.47845255509606,99.62124762560236,49231073
2018-05-03 00:00:00+00:00,100.81380905933176,102.21441809076762,99.81754621908641,100.91849170362413,27872277
2018-05-04 00:00:00+00:00,98.5206289219751,99.46456576615651,97.59336276445912,98.78944262602616,22604902
2018-05-07 00:00:00+00:00,97.11593398288166,98.50671488035579,96.4714482814118,97.33395026594332,33739212
2018-05-08 00:00:00+00:00,96.36976777518946,97.38467223614414,95.34017032082852,96.6641679727085,20398008
2018-05-09 00:00:00+00:00,96.44459727826768,97.49368476751367,96.07138957180574,96.77547723296149,49285038
2018-05-10 00:00:00+00:00,97.35917242860086,98.85073983082962,96.50762731000628,97.47666805752444,42858114
2018-05-11 00:00:00+00:00,96.53657416369079,97.43544443448052,95.38483676019885,96.68577548174028,28029598
2018-05-14 00:00:00+00:00,96.6664386405326,97.75314294563078,96.30973695138015,96.98989559911277,34643268
2018-05-15 00:00:00+00:00,95.92616913901972,96.66408947105009,95.553572966548,96.16343608028879,27867863
2018-05-16 00:00:00+00:00,95.11794532167868,96.88028375082396,94.12593074901046,95.50961471669845,22796647
2018-05-17 00:00:00+00:00,93.5407047410438,95.19421621368971,93.05869173772139,93.90162140048058,34927605
2018-05-18 00:00:00+00:00,92.43549975995153,94.00107044023817,91.68987138023846,92.87374150514749,50391456
2018-05-21 00:00:00+00:00,90.9547228477402,92.58198574234673,90.80637137414395,91.33171997840789,52086215
2018-05-22 00:00:00+00:00,89.96869964387903,90.89272064225958,89.05062518642563,90.24067207483509,42579415
2018-05-23 00:00:00+00:00,91.21585558180672,92.54336582535207,90.76894091921753,91.5850422307645,20174001
2018-05-24 00:00:00+00:00,90.315611094464,91.37698295151495,89.97002271057873,90.52576356416617,30803215
2018-05-25 00:00:00+00:00,93.54209664245975,94.35839856822805,92.65480928042292,93.76462204197104,20088780
2018-05-29 00:00:00+00:00,94.0210094590598,95.42273400824304,93.69579970695494,94.43660352302811,22695145
2018-05-30 00:00:00+00:00,94.45983906490133,96.1591465218046,93.85159962941009,94.73840687146196,43569325
2018-05-31 00:00:00+00:00,93.36902539903717,94.3284366542952,93.207796722958,93.7883775352445,24084591
2018-06-01 00:00:00+00:00,94.27978044106798,95.5002103040291,94.06158613944035,94.7087493905353,36761480
2018-06-04 00:00:00+00:00,93.65495906398546,94.80552493525568,93.30000676355412,94.09798399904997,54968551
2018-06-05 00:00:00+00:00,93.85774168228792,95.0625424302901,93.73463627606424,94.3243957766244,25354993
2018-06-06 00:00:00+00:00,97.20410313434164,98.88493177442633,96.06567095786063,97.47649722254695,21268182
2018-06-07 00:00:00+00:00,97.21367861554891,98.40929439711167,96.93517829969339,97.44122534287737,51849855
2018-06-08 00:00:00+00:00,98.56747383578254,99.86665274736,97.91649311555588,98.90035333442019,49239985
2018-06-11 00:00:00+00:00,97.88807265489407,99.39711726672441,97.51329416613657,98.13654162426913,53090235
2018-06-12 00:00:00+00:00,97.83412576895267,98.8290476396777,97.36687634619483,98.17455543567277,52916465
2018-06-13 00:00:00+00:00,99.99728185337786,101.36678155253543,98.95345663861711,100.37951619843538,59749134
2018-06-14 00:00:00+00:00,99.3317937216932,100.63714094321112,99.04546117581607,99.70715572909006,32414960
2018-06-15 00:00:00+00:00,101.71227284387832,103.05900468923302,100.49626167896804,101.96209399868637,56674884
2018-06-18 00:00:00+00:00,102.72465224055344,104.39095402448339,102.18560194424353,102.89139632123295,25615829
2018-06-19 00:00:00+00:00,102.02422445477494,103.56588508424187,101.054870081693,102.29643619015982,52455887
2018-06-20 00:00:00+00:00,102.97828781939369,104.03319118004389,102.08864821212914,103.13532547702646,43081937
2018-06-21 00:00:00+00:00,103.92635200250501,105.70994386885258,102.99791208898178,104.38239081657854,27738672
2018-06-22 00:00:00+00:00,104.97021178694403,105.87927113455166,104.15456951573604,105.20856277123917,51012614
2018-06-25 00:00:00+00:00,103.2425092084813,103.93475679367958,102.36973388821431,103.40429310737062,29064507
2018-06-26 00:00:00+00:00,102.50154939241848,103.31617686884505,101.91627049601237,102.61172849638078,53873206
2018-06-27 00:00:00+00:00,102.03637717920438,103.23511768983323,101.72847677166732,102.39470613371897,44338959
2018-06-28 00:00:00+00:00,102.03062509181702,103.39596677625848,100.9688968676834,102.38538601879891,39801087
2018-06-29 00:00:00+00:00,102.9739508692272,104.32532167640092,102.38235433700969,103.21019253585972,52676313
2018-07-02 00:00:00+00:00,103.37474898144056,104.91403945419404,102.63135148201673,103.50343373697962,20611868
2018-07-03 00:00:00+00:00,101.71716894856941,102.99087451607795,100.72119684809911,101.9810205065275,58088342
2018-07-05 00:00:00+00:00,102.2927709297093,103.5185335723604,101.67843444531185,102.51725792773466,33726798
2018-07-06 00:00:00+00:00,102.95911256618125,103.88020383189823,101.87789837543625,103.32996082207525,46370480
2018-07-09 00:00:00+00:00,103.73939765981142,104.61662091224872,102.8437815905937,104.0817093595925,23456800
2018-07-10 00:00:00+00:00,105.21280873897902,106.50980619217441,104.36121698768461,105.45864623025804,29127064
2018-07-11 00:00:00+00:00,106.35219579401473,107.47753142896507,105.15845765517197,106.53935281571673,37915668
2018-07-12 00:00:00+00:00,106.67515452432862,108.50954930577116,106.62076300244138,107.17036891079086,44886550
2018-07-13 00:00:00+00:00,106.88456940856203,107.82684964175232,106.40910736485127,107.16617005704047,29071594
2018-07-16 00:00:00+00:00,104.87770724250919,105.77798859893834,104.28798060260037,105.25301693682128,39065229
2018-07-17 00:00:00+00:00,105.69233761274904,106.79759756771051,105.12158026030887,105.84855879978039,35313683
2018-07-18 00:00:00+00:00,105.88354814451236,106.91526258112837,104.93387883707398,106.17778402437612,46933405
2018-07-19 00:00:00+00:00,106.47266394106279,107.13329300234942,105.16447059795685,106.58367862901058,39126034
2018-07-20 00:00:00+00:00,104.82939829086203,106.35617862487383,104.20781021809529,105.13158033802621,56969830
2018-07-23 00:00:00+00:00,103.42870552668921,104.52590548949355,103.0721798894244,103.9143124895363,33539916
2018-07-24 00:00:00+00:00,105.00441322834146,106.36641541354355,103.79654518139822,105.25809591353578,56899281
2018-07-25 00:00:00+00:00,105.17503132387783,106.07167947907469,104.34577729608026,105.2906297289078,45501334
2018-07-26 00:00:00+00:00,106.07604824938721,106.86192661610998,105.19938216530568,106.18843056575496,33035245
2018-07-27 00:00:00+00:00,106.04721791313277,107.18216414003084,105.4507627447696,106.30241261711151,56756256
2018-07-30 00:00:00+00:00,106.25411000992112,107.71956576072935,105.00857151149427,106.4181199845064,36391910
2018-07-31 00:00:00+00:00,107.51471971314632,108.51615412858217,106.55510506839575,107.6240605516776,51407591
2018-08-01 00:00:00+00:00,106.68232143223668,108.3355765270278,105.8226322906351,107.08480687781675,42225824
2018-08-02 00:00:00+00:00,106.99674260659317,107.90563810694508,105.96834509179504,107.28015181014592,52439996
2018-08-03 00:00:00+00:00,106.5897235549108,108.07819288336495,105.96357242178262,106.80542146369987,51401909
2018-08-06 00:00:00+00:00,105.9039927175745,107.10095931568773,105.4303316594607,106.36402599078109,37017562
2018-08-07 00:00:00+00:00,105.9265638585385,107.25041257250759,104.72454766821245,106.07301944261872,29007429
2018-08-08 00:00:00+00:00,105.93721243699704,107.48536152342017,105.55632461690337,106.41957996857917,29052772
2018-08-09 00:00:00+00:00,105.69949493563205,107.35422633979468,104.63114648913114,105.925081622583,45428563
2018-08-10 00:00:00+00:00,107.05662750434774,108.39931149124654,106.07099665069678,107.51198897327122,39199177
2018-08-13 00:00:00+00:00,106.17728306001602,107.08462539944226,105.39524983753981,106.51846021060781,52395607
2018-08-14 00:00:00+00:00,105.94353129371758,106.89336972316543,105.13258695016229,106.37421423761418,55324762
2018-08-15 00:00:00+00:00,105.43293170240098,107.25339552865792,104.62143965564402,105.92653696768517,52417532
2018-08-16 00:00:00+00:00,107.52754825378214,108.76764606657107,106.397870780013,107.74291042890964,51502192
2018-08-17 00:00:00+00:00,107.57432196656049,109.33402021255847,107.16372282286673,108.05877616072353,36790095
2018-08-20 00:00:00+00:00,109.12119685012493,110.11141520809741,108.8257261489099,109.37698960808589,28946694
2018-08-21 00:00:00+00:00,107.42011239854676,108.51940090595477,106.77244088920479,107.67431716044153,29920226
2018-08-22 00:00:00+00:00,107.83862263778283,108.60488135169595,106.90102124970055,108.07477747948464,59135247
2018-08-23 00:00:00+00:00,108.90577139129373,110.68382675880687,108.27198404845197,109.22233443423276,40776359
2018-08-24 00:00:00+00:00,109.23941720409188,110.56894312806409,108.15211207050287,109.40107522136327,36689149
2018-08-27 00:00:00+00:00,110.43816707729849,112.19285675920099,109.90266924197303,110.75965167144169,26949666
2018-08-28 00:00:00+00:00,109.90222360635724,110.98440193875031,109.0841613902172,110.21890553132124,22091028
2018-08-29 00:00:00+00:00,111.58536173450199,113.1015860707696,111.30370265468997,111.99012245954394,22727850
2018-08-30 00:00:00+00:00,114.395340223112,116.00730017617968,113.57943077124209,114.82880020788704,30086627
2018-08-31 00:00:00+00:00,114.19721739523449,115.29094363561704,113.42769796654643,114.47339393535945,55333904
2018-09-04 00:00:00+00:00,113.79785760993794,115.36690014469416,113.31472652113193,114.01879090967853,59050024
2018-09-05 00:00:00+00:00,115.63911832329293,117.29001374512002,115.05094110872196,115.84285228221977,39926999
2018-09-06 00:00:00+00:00,117.64048932241467,119.20319397479263,116.5697301485148,117.81833885709662,32297281
2018-09-07 00:00:00+00:00,117.14784779163308,118.50997380045206,116.28830558885117,117.27090682451269,46504795
2018-09-10 00:00:00+00:00,116.60970345246378,117.62414732372262,116.1306512036046,116.84668264399767,53427892
2018-09-11 00:00:00+00:00,116.38044203651275,117.37015715547068,115.12126992299476,116.58854111336505,43728956
2018-09-12 00:00:00+00:00,114.56863354577736,116.51856082056996,113.84007548030704,115.05520050012392,33679525
2018-09-13 00:00:00+00:00,113.70973463384287,114.54310266027858,112.57568333180309,114.03281816434288,41063635
2018-09-14 00:00:00+00:00,112.66893842862821,114.12389921748256,111.98074419888006,112.90784924424041,40787302
2018-09-17 00:00:00+00:00,111.73430512571798,113.27273832867071,111.09139182542373,112.06649216611545,37260086
2018-09-18 00:00:00+00:00,111.94919162071304,113.2275598422011,110.70691508506629,112.10487030125131,25313280
2018-09-19 00:00:00+00:00,112.18831048061425,113.956036826382,111.44087864004975,112.46592798029513,53530980
2018-09-20 00:00:00+00:00,114.0560348431036,115.21840800743576,113.19924965976637,114.40652857167203,27963845
2018-09-21 00:00:00+00:00,112.9929445900685,114.12847558657873,112.53633084528995,113.28850372278548,52729313
2018-09-24 00:00:00+00:00,114.28897908069564,115.12863000390394,113.60296413225474,114.54969060095738,42768558
2018-09-25 00:00:00+00:00,113.87536463232689,115.31570212443052,113.74945412207641,114.37290398788677,43210446
2018-09-26 00:00:00+00:00,113.94142163144429,115.1545960625387,113.6875675004269,114.39354753630386,57764121
2018-09-27 00:00:00+00:00,114.93396854364,116.12671762908143,114.78238751163616,115.28333092690379,44913016
2018-09-28 00:00:00+00:00,113.68831355655612,115.35063629128466,113.47679944938038,114.01606450102904,57706541
2018-10-01 00:00:00+00:00,114.20669200452006,115.99044070997739,113.07767237327296,114.5549561964499,56160254
2018-10-02 00:00:00+00:00,114.65417400317658,115.52043191831075,114.0923451511688,114.83469884630556,36894585
2018-10-03 00:00:00+00:00,115.2475852658096,116.3781492946688,114.34232965361133,115.50564036311533,50105118
2018-10-04 00:00:00+00:00,115.81685892264836,117.3612732979201,114.5935430370051,115.93264273580472,48884951
2018-10-05 00:00:00+00:00,118.66878448870307,119.52081136438701,117.90834244446123,118.9590029036978,26380858
2018-10-08 00:00:00+00:00,117.95650508901315,118.8660754507076,117.62057042251226,118.27371492259621,22350876
2018-10-09 00:00:00+00:00,117.52541868215275,118.37930956580026,116.48840213925786,117.71651857659403,27031401
2018-10-10 00:00:00+00:00,116.5631384060181,118.14396277901118,115.94849853478472,117.0487499448843,28169183
2018-10-11 00:00:00+00:00,115.99839555751711,117.112649672898,115.23092681254464,116.462177401892,48539152
2018-10-12 00:00:00+00:00,115.38845555494183,117.24538923057492,114.5075662262671,115.77731284912419,35384461
2018-10-15 00:00:00+00:00,116.9707780349471,118.23084721371177,115.8087223187685,117.28413268645325,57173479
2018-10-16 00:00:00+00:00,118.620750120182,120.07025574439125,117.99517450401437,119.06873778404108,36378623
2018-10-17 00:00:00+00:00,118.31158129401231,119.2105008473471,117.62220111885111,118.4638422315417,56422127
2018-10-18 00:00:00+00:00,117.12881162610668,118.51597579625137,116.3965509869164,117.54501554381663,46913900
2018-10-19 00:00:00+00:00,118.04078588589357,119.35262784411732,117.62227350223769,118.19071421148031,42124222
2018-10-22 00:00:00+00:00,117.19036229332339,118.85922369529719,116.21064924002157,117.60804655834315,53241589
2018-10-23 00:00:00+00:00,118.23725771234922,119.70143282235968,117.82818372831157,118.44756473964976,21650522
2018-10-24 00:00:00+00:00,118.32023613226406,119.84896347736542,117.9432295267855,118.77107236467133,25408792
2018-10-25 00:00:00+00:00,116.55456258914448,118.43653920166851,115.71643404604852,117.03217942667465,58796474
2018-10-26 00:00:00+00:00,118.80966728050868,120.28659351557684,117.87187328994001,118.96918566827073,26060319
2018-10-29 00:00:00+00:00,120.9191686339592,122.46128699068397,120.31060335570791,121.20423887598535,34605939
2018-10-30 00:00:00+00:00,120.05649749613902,121.10449796908455,119.57545678802906,120.54889244740409,29555821
2018-10-31 00:00:00+00:00,119.87028760109165,120.67052853770055,118.80910318227872,120.1636505754809,37684369
2018-11-01 00:00:00+00:00,120.14127003534497,121.29913632154627,119.7466846582909,120.58668904435079,56269092
2018-11-02 00:00:00+00:00,120.73254458348269,122.23156078624868,119.69838750752305,121.06803719233523,59379080
2018-11-05 00:00:00+00:00,121.68815835637477,122.84948780842517,121.35015588856592,121.93829031954262,31389435
2018-11-06 00:00:00+00:00,124.21622234385188,125.33294202536155,123.15373732885361,124.43053576606223,21923298
2018-11-07 00:00:00+00:00,124.11690985663493,125.68278598129899,122.95065146001464,124.29819909306937,40402495
2018-11-08 00:00:00+00:00,123.01552312307214,124.81580524775507,122.73842474678588,123.42024239962322,49202247
2018-11-09 00:00:00+00:00,121.59044312327657,123.25423459005937,120.91471279363358,121.84505932600578,20792425
2018-11-12 00:00:00+00:00,120.74343309319518,121.8618213545905,120.38244350341182,121.04794327807548,42113746
2018-11-13 00:00:00+00:00,120.79126071862645,122.27924672336619,119.8815867816327,121.08819091062692,38343988
2018-11-14 00:00:00+00:00,122.99074873515501,124.09329352812263,122.2863125787866,123.32166034684826,23001179
2018-11-15 00:00:00+00:00,122.33429592975504,123.47113662107931,121.64520344129654,122.78052678800486,36829282
2018-11-16 00:00:00+00:00,122.63677659253817,123.8137047873189,122.43258536301532,123.12907232997154,56025578
2018-11-19 00:00:00+00:00,122.9263311712547,124.03147247554783,122.4776189926318,123.18936485468423,58813450
2018-11-20 00:00:00+00:00,124.26442921397941,125.62539440260176,124.15393945731202,124.69543678282193,43187230
2018-11-21 00:00:00+00:00,127.40194457600839,129.13870486492536,126.98568815867455,127.80775569387028,45424304
2018-11-23 00:00:00+00:00,126.92130158578367,127.87060425983861,126.19096850503222,127.2507131663659,43506415
2018-11-26 00:00:00+00:00,126.26096697789926,127.97831168273892,125.3854509213467,126.74338583534403,59068646
2018-11-27 00:00:00+00:00,127.89618908161555,129.10783380201622,126.90945144036823,128.0763788878269,57737437
2018-11-28 00:00:00+00:00,128.83094299125463,129.76259401805447,128.03925235197875,128.9746486753785,33709910
2018-11-29 00:00:00+00:00,130.82911267947958,132.26351705079455,129.8175773518676,131.27069746626174,44828306
2018-11-30 00:00:00+00:00,131.7757513619994,132.85135335842992,130.83216608807706,132.0514112886529,34709150
2018-12-03 00:00:00+00:00,131.26147323802562,132.79634273494673,130.27009557684588,131.70026077970843,24171364
2018-12-04 00:00:00+00:00,132.03181049446104,133.42289049939444,131.46145860326703,132.4890465765392,47101646
2018-12-06 00:00:00+00:00,133.77450783579107,134.5638964023176,133.14058659844557,133.8994908732387,42139420
2018-12-07 00:00:00+00:00,134.5106835854811,135.58065256523125,134.41124280431083,134.96406949067554,56128369
2018-12-10 00:00:00+00:00,135.37347070585653,136.69949401007645,134.42671347652046,135.6527983280043,52198250
2018-12-11 00:00:00+00:00,136.7086349599096,138.41522098879742,136.39150495750576,137.0128079555113,24197739
2018-12-12 00:00:00+00:00,138.14532565960883,139.3399203506038,137.69318753577414,138.49596266404612,30325121
2018-12-13 00:00:00+00:00,139.7640004105991,141.46755356051378,139.20208254540725,140.23455345329114,56860174
2018-12-14 00:00:00+00:00,140.98535888062682,142.2516666733385,140.02858873061896,141.09300531839872,38248067
2018-12-17 00:00:00+00:00,140.68172623469138,142.40401853632798,139.87188042503135,140.9724636220185,31324581
2018-12-18 00:00:00+00:00,140.85343122876625,142.54950106303764,140.56226471538878,141.2285200457385,44543290
2018-12-19 00:00:00+00:00,142.36724802246923,143.82293606445398,141.87659340072688,142.75633080554852,41263961
2018-12-20 00:00:00+00:00,141.478995027749,143.01303849859795,140.73881377324687,141.85600800036383,26859634
2018-12-21 00:00:00+00:00,142.22464191924809,143.77680243759536,140.90859710637753,142.37841597101132,31045787
2018-12-24 00:00:00+00:00,141.7666511608698,142.88592818080542,140.7587782585188,141.98640939621848,29840119
2018-12-26 00:00:00+00:00,141.85741697357346,142.92769788959802,140.6782994266463,142.10090318374026,45783943
2018-12-27 00:00:00+00:00,143.2932705357972,144.2258565025042,142.45283336055482,143.715045418869,24007324
2018-12-28 00:00:00+00:00,143.81286035152706,145.35091537468435,142.9326473316005,144.0243643004929,57069962
2018-12-31 00:00:00+00:00,143.9758061727334,145.46106885868363,143.46806478914394,144.16008815828027,28203492
2019-01-02 00:00:00+00:00,142.12528158148913,143.21271530720452,141.44157513721186,142.60826078910438,48085521
2019-01-03 00:00:00+00:00,143.48021975429165,144.66062244946974,142.46038550237714,143.58376506833704,26437885
2019-01-04 00:00:00+00:00,143.93921774343355,145.40232778387323,143.3358769152491,144.43834608570634,32884085
2019-01-07 00:00:00+00:00,146.74352323412995,147.732960849182,146.12446588568466,147.1142517536729,20393186
2019-01-08 00:00:00+00:00,146.39353015194965,148.30548609879003,145.79626126774002,146.8249178717293,59527304
2019-01-09 00:00:00+00:00,146.95005050638756,147.8825941523894,146.33345573780792,147.16789826492604,57309922
2019-01-10 00:00:00+00:00,147.44143257431213,148.1143928654695,146.52784599273664,147.54715868537895,32923274
2019-01-11 00:00:00+00:00,149.12495481367048,150.61495000059702,148.82254671541662,149.5201026210951,27071422
2019-01-14 00:00:00+00:00,149.05209014343052,150.72461465936382,148.1805735848704,149.48574798223078,23304299
2019-01-15 00:00:00+00:00,149.50438336037377,150.43301725920236,149.21479685845648,149.90057381315518,58514123
2019-01-16 00:00:00+00:00,150.55290950989468,151.86876726354203,150.12508333492553,150.710049624815,26532930
2019-01-17 00:00:00+00:00,150.61260940369985,152.04627244855408,150.07773454624547,151.01398057260263,34808756
2019-01-18 00:00:00+00:00,150.15069112229895,151.16152524401704,149.39995279563593,150.558260235142,45928614
2019-01-22 00:00:00+00:00,150.50775202035194,151.54369210356634,149.93345140168643,150.87116822661997,21750093
2019-01-23 00:00:00+00:00,151.83307995333348,153.3075006237678,151.4627721945004,152.2395263264517,42993847
2019-01-24 00:00:00+00:00,150.64933939128736,151.88406558067175,150.02953678326801,151.08770796715845,54775114
2019-01-25 00:00:00+00:00,150.98182993043972,152.765587304786,150.4802692407225,151.3272715761347,25243174
2019-01-28 00:00:00+00:00,150.4316847126198,151.88586682769176,149.13425890808105,150.5671265982077,58559764
2019-01-29 00:00:00+00:00,151.7861314290506,153.56474975943118,150.65853741331395,152.0811825529175,39672234
2019-01-30 00:00:00+00:00,150.20229853330832,151.0930291061274,149.33098644720488,150.33335826717698,54161749
2019-01-31 00:00:00+00:00,149.4796348380381,151.21237568324904,148.9147680564328,149.74265205045106,59105684
2019-02-01 00:00:00+00:00,150.01246370487823,151.20654017032004,149.03817388657185,150.27530630052848,25579123
2019-02-04 00:00:00+00:00,152.1075311979536,153.08145393092346,151.69722219212665,152.2339351356097,38470891
2019-02-05 00:00:00+00:00,151.99550660873433,152.78538434929146,151.26026581627846,152.23503482232212,20974303
2019-02-06 00:00:00+00:00,151.50439615077374,152.20156064814987,150.81247199601995,151.64879539029027,40030723
2019-02-07 00:00:00+00:00,153.5628897896153,155.17819512956564,152.56564798851642,153.98618387361898,39653453
2019-02-08 00:00:00+00:00,151.8494919827337,153.28649618755352,151.8165641658468,152.32856719311948,24973064
2019-02-11 00:00:00+00:00,149.64107345507222,150.4965216712115,148.71718516945703,149.77000004517538,26848120
2019-02-12 00:00:00+00:00,149.89597130232272,151.49198769156462,149.13735380417276,150.3780173852394,29425266
2019-02-13 00:00:00+00:00,149.54652167628157,150.60841043426637,148.87053432849223,149.85555231601626,37257890
2019-02-14 00:00:00+00:00,148.49024666427786,149.78770468980383,148.12466990529668,148.7100729354594,58875236
2019-02-15 00:00:00+00:00,149.50935584210816,150.49930941920132,148.16763928219075,149.64010067221864,58302356
2019-02-19 00:00:00+00:00,149.7124118215159,151.33621375535589,148.99465109736798,150.01266152874408,26684601
2019-02-20 00:00:00+00:00,148.9979609540637,150.73646333262678,148.301580927541,149.41576717186,44688273
2019-02-21 00:00:00+00:00,147.57656730254826,148.93675229157733,147.2227921107474,147.95940189345492,45558880
2019-02-22 00:00:00+00:00,148.9662602828055,149.93716979672612,148.1028526022843,149.0863506873911,49449159
2019-02-25 00:00:00+00:00,149.81743136679435,150.80915189750058,149.01744260898317,149.9465921009415,23612914
2019-02-26 00:00:00+00:00,149.64643175135316,151.21329559007444,149.33268522240425,149.90758106440623,52788991
2019-02-27 00:00:00+00:00,151.98542926204425,153.03172494246104,151.59738510611595,152.20354545966342,55711530
2019-02-28 00:00:00+00:00,150.80649001084961,151.70850311377887,149.66197122045324,150.99944374007202,34130270
2019-03-01 00:00:00+00:00,149.03641173539887,149.83350187683766,148.50899358275575,149.24881353496235,51822219
2019-03-04 00:00:00+00:00,148.07713075378612,149.46521697198926,147.80356557960624,148.49852385110486,59422987
2019-03-05 00:00:00+00:00,148.05212941002551,149.5059527303981,147.51890918022812,148.52382063147826,35173441
2019-03-06 00:00:00+00:00,148.63378689285446,150.2367366810684,147.62708083930298,148.8958279706655,47132673
2019-03-07 00:00:00+00:00,148.22390030038488,149.40758339768394,148.1243981826589,148.68634470123789,38498958
2019-03-08 00:00:00+00:00,148.9602128965559,150.06980245072344,148.1120032574168,149.18881117705504,53295260
2019-03-11 00:00:00+00:00,147.476389073489,149.07536960692022,147.14775342518595,147.76696386802652,50033744
2019-03-12 00:00:00+00:00,149.38906979378802,150.9031050036634,149.04302034208882,149.57948139291443,49878918
2019-03-13 00:00:00+00:00,149.204709561973,150.4455110548221,149.00815602668112,149.56089997884334,23295453
2019-03-14 00:00:00+00:00,150.49006253067918,151.94077900003577,149.64749086854064,150.9816549767491,25870747
2019-03-15 00:00:00+00:00,151.131528153985,152.27621128325163,150.8549529087743,151.47292539240235,47302315
2019-03-18 00:00:00+00:00,151.85790362174149,153.53358413380622,151.55587789097459,152.1010292553869,48730525
2019-03-19 00:00:00+00:00,152.50562301326934,153.48339375740713,151.92685010452263,152.86474999166555,45007056
2019-03-20 00:00:00+00:00,153.33283199230019,154.9157496866878,152.13800679174432,153.48200026368633,20304543
2019-03-21 00:00:00+00:00,153.8778039434212,155.51713402736272,153.57085919903807,154.33326757552737,49141997
2019-03-22 00:00:00+00:00,155.70701703137436,157.039822764373,155.08653799416038,156.0082506116863,23112261
2019-03-25 00:00:00+00:00,156.04433611851218,156.85673507611253,155.78415348276428,156.32407601532805,21456498
2019-03-26 00:00:00+00:00,156.92053460905285,158.23047671625628,156.3058020102994,157.25488052443427,49334810
2019-03-27 00:00:00+00:00,156.87728414617385,158.13494579629233,156.14958461065248,157.2271976912896,41490513
2019-03-28 00:00:00+00:00,158.90662802733837,159.6965571618041,157.96443129607684,159.03533834982898,50887799
2019-03-29 00:00:00+00:00,157.9306206988685,159.46007719085853,157.4712408951835,158.30366758735786,29369879
2019-04-01 00:00:00+00:00,160.34802343472464,162.01594701421914,159.72926292618772,160.54479610685084,26423841
2019-04-02 00:00:00+00:00,160.191025513075,161.63879537714215,159.96998294714103,160.57660656607763,29380814
2019-04-03 00:00:00+00:00,158.5106625257823,160.15442971997993,158.0728781228897,158.93967644353597,39015370
2019-04-04 00:00:00+00:00,158.75181833840793,159.74185219399496,158.57390707255595,159.17340174142893,22657303
2019-04-05 00:00:00+00:00,158.1151393654959,159.35380674827607,157.169543807747,158.43613975245907,58945088
2019-04-08 00:00:00+00:00,159.21684405432123,160.14127049641002,158.05863771349735,159.52491201124553,46547512
2019-04-09 00:00:00+00:00,158.6646128515469,159.93455907161916,157.35168877941595,158.82176323608266,28324458
2019-04-10 00:00:00+00:00,157.95620465606368,159.80482527443908,157.00127201684953,158.36634311622493,26663143
2019-04-11 00:00:00+00:00,155.9703304869116,157.34067197156193,155.07810208975067,156.17889423909028,20665979
2019-04-12 00:00:00+00:00,155.4174484868642,156.2929297043058,154.51526095874752,155.7161266559914,25446342
2019-04-15 00:00:00+00:00,152.67376182686564,153.74213766902173,152.10226566135623,152.88747146403665,34526420
2019-04-16 00:00:00+00:00,150.91325673065393,152.11745145529466,149.93601765568118,151.0667880758538,46142602
2019-04-17 00:00:00+00:00,151.70746258447025,152.9624934193602,151.10363611378708,152.05928566322694,27104627
2019-04-18 00:00:00+00:00,152.96051303967877,154.4158898640831,152.10022851383098,153.08224585360793,40575273
2019-04-22 00:00:00+00:00,153.2733368340994,154.98746593245988,152.41501836737473,153.6727949277499,56753179
2019-04-23 00:00:00+00:00,152.36538883789038,153.70425457609804,151.81050520039759,152.59242355599483,59030481
2019-04-24 00:00:00+00:00,152.51511605142267,153.48862787375717,151.79713031692992,152.61516992862445,33114573
2019-04-25 00:00:00+00:00,152.38639522602088,153.446183255479,151.26620509058714,152.69084688171577,53050331
2019-04-26 00:00:00+00:00,151.26206849127368,151.98668357289785,150.82458495983374,151.38080925468472,38680087
2019-04-29 00:00:00+00:00,153.05441939367694,154.11978490029185,152.27925291839196,153.2648872168053,41535028
2019-04-30 00:00:00+00:00,154.01493137051384,155.31089448270384,152.98492116508825,154.39772196549612,59313283
2019-05-01 00:00:00+00:00,154.08748910825176,155.3883878820046,153.10220194908234,154.2125649569005,49892058
2019-05-02 00:00:00+00:00,153.88909256675154,155.4829877879915,153.2784208894818,154.32482796369393,50988548
2019-05-03 00:00:00+00:00,154.55335936416756,155.22499547287225,153.90514315400162,154.654887333231,47039024
2019-05-06 00:00:00+00:00,152.08607594344107,153.180064806553,151.4415300020574,152.28480549112183,29954657
2019-05-07 00:00:00+00:00,151.6718310096363,152.74997149931448,150.71614421629243,152.06819263209712,39626311
2019-05-08 00:00:00+00:00,151.10330347460803,151.98662423981656,150.2705934027313,151.32981153449975,50821478
2019-05-09 00:00:00+00:00,150.06711056739945,151.5351696723631,149.1931253288691,150.20786752262586,33924414
2019-05-10 00:00:00+00:00,149.70645360364256,150.492462387879,149.3509674576227,149.95054717116273,26779617
2019-05-13 00:00:00+00:00,151.97961368882835,153.10695387928428,151.67174284692703,152.18777100338215,29587718
2019-05-14 00:00:00+00:00,152.59969767603835,153.7049860926691,151.57309724821553,153.03678243690257,37623678
2019-05-15 00:00:00+00:00,152.20602848212914,153.81069786484167,151.55438148187636,152.4313676491632,20723879
2019-05-16 00:00:00+00:00,152.7828939980802,154.25550750006565,152.0952539246911,153.1984669867906,32377179
2019-05-17 00:00:00+00:00,154.50094465276953,155.68907414707067,154.37797843750653,154.95769351069382,51554749
2019-05-20 00:00:00+00:00,155.87372696235855,157.14968121735552,154.96413964446612,156.14725393018915,38397030
2019-05-21 00:00:00+00:00,155.8348331165516,157.5302967337965,154.8662436653874,156.29881037409336,21502718
2019-05-22 00:00:00+00:00,155.3515590192614,157.0606042497661,154.52682098784925,155.60248624084667,33772237
2019-05-23 00:00:00+00:00,156.03472285058695,157.2408002214284,155.8942388948076,156.52035421718298,39605556
2019-05-24 00:00:00+00:00,156.93682086987886,158.4587184518184,155.9908151522156,157.07253667968908,31932133
2019-05-28 00:00:00+00:00,157.85196083712106,159.66107265788986,156.9604213306177,158.22676854372236,26696579
2019-05-29 00:00:00+00:00,158.77144908955793,160.48539525027277,158.1625581691667,159.06897470574071,53953257
2019-05-30 00:00:00+00:00,160.15337844194167,161.54385232098582,159.02860021618244,160.40843796412392,33654424
2019-05-31 00:00:00+00:00,159.4930709587518,160.97597636468592,158.69747275689386,159.84615571025122,21885190
2019-06-03 00:00:00+00:00,161.12548575235868,162.41023922219622,160.1077796707232,161.5070285890124,58250213
2019-06-04 00:00:00+00:00,161.72240280678318,163.0765459969471,160.70064280339597,161.8241481146433,41869211
2019-06-05 00:00:00+00:00,164.2276799262947,165.42575518014453,163.76317318978877,164.3944611617936,37007812
2019-06-06 00:00:00+00:00,163.2622173598324,164.8248738513144,162.83774406898092,163.6474357800861,51028034
2019-06-07 00:00:00+00:00,165.44403817845313,166.73905024773322,165.10879739563197,165.81059234388442,24993899
2019-06-10 00:00:00+00:00,165.64166628198814,167.35958174808275,164.71925878632274,166.1280852840396,31267806
2019-06-11 00:00:00+00:00,165.02196856360194,166.7508551973068,164.16598361241478,165.42638367970227,57677422
2019-06-12 00:00:00+00:00,164.44541159574456,165.5721569354399,163.74932230992707,164.92572067883708,35905769
2019-06-13 00:00:00+00:00,164.24028770838999,165.95423362457814,163.8203375893723,164.6213039090039,34299385
2019-06-14 00:00:00+00:00,164.9910821612304,166.2505995764765,164.52625827263597,165.21030304468619,32494418
2019-06-17 00:00:00+00:00,165.77555966142845,167.262371539419,164.66125454233986,165.91770563032878,35410415
2019-06-18 00:00:00+00:00,164.8965360802645,166.24056733194348,164.3351076797234,165.30926562560248,51982402
2019-06-19 00:00:00+00:00,165.00238042629894,166.23908060027233,164.63425056273869,165.3600401148893,20294358
2019-06-20 00:00:00+00:00,167.89149014026623,169.42582527774076,166.89414256705825,168.01076454522354,34379782
2019-06-21 00:00:00+00:00,169.919796162984,170.91498561689278,169.62348249720594,170.1638163493444,24721005
2019-06-24 00:00:00+00:00,170.2846848267595,172.11161707823936,169.94123449882497,170.7674047529532,29970977
2019-06-25 00:00:00+00:00,170.59284846847098,171.87702949926444,169.92445193216392,170.89300892675504,46347577
2019-06-26 00:00:00+00:00,170.84395486440906,172.1311419613682,170.46908818470754,171.11704651881695,21247752
2019-06-27 00:00:00+00:00,171.65018824402972,172.74173636758294,170.4486136085026,171.93326808609345,49750575
2019-06-28 00:00:00+00:00,170.6023639182533,171.8589592084744,170.07681964326576,170.78591700785537,58249586
2019-07-01 00:00:00+00:00,170.30958229460146,171.38227635922357,169.9267120329041,170.55706516294737,20116908
2019-07-02 00:00:00+00:00,168.3868389718994,169.17403368853593,167.93122940040737,168.63476427429427,22343145
2019-07-03 00:00:00+00:00,169.0728900133456,169.96583062676496,167.92477088826087,169.1938320214206,25846899
2019-07-05 00:00:00+00:00,169.64344009765674,170.5568461924705,169.12496148979207,170.0504671490639,54405995
2019-07-08 00:00:00+00:00,169.28404162154308,171.0289981813615,168.4852274545521,169.55064339430464,25360678
2019-07-09 00:00:00+00:00,171.09055555552612,172.98517472007242,170.99841835326632,171.51942751025268,29029750
2019-07-10 00:00:00+00:00,169.68836951420192,171.0236640121222,169.59407740607656,170.12850871464988,45403726
2019-07-11 00:00:00+00:00,168.26646123651864,169.67962971273775,167.50543330857107,168.4512588583981,30548839
2019-07-12 00:00:00+00:00,168.437659647802,169.64640713908048,167.4839457974684,168.80060104067005,46760265
2019-07-15 00:00:00+00:00,169.84820628213944,171.3082121608906,168.75188012509707,170.13711900380463,32893170
2019-07-16 00:00:00+00:00,171.78576953838547,173.54326227660005,171.65112566595843,172.23783223355406,45648274
2019-07-17 00:00:00+00:00,171.58087484644074,173.21392736280356,170.7288080160103,171.76717111811132,51097044
2019-07-18 00:00:00+00:00,172.77046283810486,174.04180039407854,171.7283584319496,173.14158811822887,25310074
2019-07-19 00:00:00+00:00,172.83227710592692,174.45867593778405,172.28740520043013,173.175377954828,55074030
2019-07-22 00:00:00+00:00,172.8301046038703,173.81415364553115,171.71865936347066,173.04822519489903,47375309
2019-07-23 00:00:00+00:00,174.03397675842257,175.6789494236767,173.5549214654836,174.18861711988305,53600239
2019-07-24 00:00:00+00:00,174.69074866978823,175.5771741727435,173.61601008431134,175.05140457397914,38213202
2019-07-25 00:00:00+00:00,172.8442950023451,174.34326279209915,171.98831066806673,173.23973398559804,53445661
2019-07-26 00:00:00+00:00,174.86533146776378,176.25108838692046,173.65024801248222,175.09158240526912,37437717
2019-07-29 00:00:00+00:00,176.46975898863712,178.0157375873202,175.65107479669354,176.82769203024606,21558274
2019-07-30 00:00:00+00:00,175.89896442539,176.7774043672237,175.2936128564352,176.15701678843462,33211492
2019-07-31 00:00:00+00:00,176.32669827524646,178.15051081203265,175.27379985603477,176.7119810285595,45813096
2019-08-01 00:00:00+00:00,177.20513114214117,178.0660005311489,176.60925047578962,177.3848172520988,58286801
2019-08-02 00:00:00+00:00,177.321539770033,178.90037917432733,176.94545324902575,177.7776257710875,23764993
2019-08-05 00:00:00+00:00,176.98229574788675,177.91993566559609,175.99645116847125,177.197259586473,37087179
2019-08-06 00:00:00+00:00,176.22419714984485,177.2785279619686,175.20599524542195,176.47131154494733,37960709
2019-08-07 00:00:00+00:00,176.39740987892546,177.56710520148573,175.09124317590846,176.5206466597576,35576682
2019-08-08 00:00:00+00:00,177.86331659794035,178.92511490143343,177.30311907381264,178.00792148286885,46589095
2019-08-09 00:00:00+00:00,178.43389690729722,179.40046726935867,177.44224363316295,178.74024166838217,58172651
2019-08-12 00:00:00+00:00,178.16846739918765,179.04644087229968,177.1369584164819,178.37550446987885,34516602
2019-08-13 00:00:00+00:00,178.94735083235997,180.29968771081965,178.81774836640324,179.38154292265685,46873053
2019-08-14 00:00:00+00:00,175.93741442243876,177.30057475617625,175.15606863669055,176.04329177790075,47906760
2019-08-15 00:00:00+00:00,177.2501729988785,178.89977526519505,176.71904516128717,177.50181061834726,55106158
2019-08-16 00:00:00+00:00,175.25921586510592,176.07828174607295,174.6896636594595,175.49415408381356,33426433
2019-08-19 00:00:00+00:00,175.03149390176276,176.0323288616892,173.65627807457508,175.1392249541298,30895584
2019-08-20 00:00:00+00:00,173.7258737209782,174.47586664430128,172.73284366709848,173.8756210805784,51848137
2019-08-21 00:00:00+00:00,172.13654623974588,172.91859579034593,171.18432715191983,172.40200330971334,56454635
2019-08-22 00:00:00+00:00,173.57784962078858,175.03671413721153,172.39837781725257,173.87499545456757,44336228
2019-08-23 00:00:00+00:00,173.13203811409136,174.4962034549599,172.51655223053567,173.3937540129933,42297019
2019-08-26 00:00:00+00:00,173.5771835997053,174.55257778488505,172.58771850261735,173.88955867107015,44566789
2019-08-27 00:00:00+00:00,173.57520130645284,174.64706680950817,172.97872301311062,173.91325397641512,51966443
2019-08-28 00:00:00+00:00,174.46173344063175,175.0894107227274,173.1961692972679,174.56570296908288,49999852
2019-08-29 00:00:00+00:00,174.4522511745738,176.07283644404959,174.0572316970439,174.7378892383552,20667538
2019-08-30 00:00:00+00:00,172.79289887297386,174.75298916537747,171.83061239226464,173.2782985693289,58161887
2019-09-03 00:00:00+00:00,174.24620584061367,175.18927828946016,173.8350470442546,174.55381875266548,58427123
2019-09-04 00:00:00+00:00,173.67029394588832,174.7727860666372,173.21509034589096,174.0413108528719,38839840
2019-09-05 00:00:00+00:00,172.02866703131343,173.62182209842712,170.99722034037342,172.2534125744802,49811197
2019-09-06 00:00:00+00:00,171.41007783006,173.2461381792773,170.9259192397557,171.8196743813211,47112999
2019-09-09 00:00:00+00:00,173.29141753733185,174.6202135128891,172.59237475331585,173.70058613008229,24261663
2019-09-10 00:00:00+00:00,174.49233380155684,175.35147469288756,173.85627871954904,174.80085222061848,55855044
2019-09-11 00:00:00+00:00,173.97206413001737,175.0018614930219,173.22009972223927,174.46246965932906,57565200
2019-09-12 00:00:00+00:00,173.9731403282419,175.19731028021596,173.39502916177835,174.12336041414696,38103047
2019-09-13 00:00:00+00:00,173.71061928673026,174.71029346157928,173.25894036544923,173.8173983526861,50144809
2019-09-16 00:00:00+00:00,175.98143264825626,176.91814836053678,175.58956653548603,176.3894959329591,46071176
2019-09-17 00:00:00+00:00,176.50495626069102,178.0110708679495,175.95350981076854,176.92781847563697,29279863
2019-09-18 00:00:00+00:00,177.375785560618,178.03517098885527,176.85584840007357,177.52386845226624,51013300
2019-09-19 00:00:00+00:00,178.63397546392102,180.12758055525373,177.9854113074481,178.84020859710446,55435829
2019-09-20 00:00:00+00:00,179.09973464258962,180.01318841063966,178.3067725696427,179.20675558793627,57465683
2019-09-23 00:00:00+00:00,178.7585815686392,179.51616301596064,178.41851316926315,178.97590501295142,46846488
2019-09-24 00:00:00+00:00,178.41102844448196,179.9086374150326,177.73697794586522,178.82028519404943,47644667
2019-09-25 00:00:00+00:00,178.5071794716675,179.7120480971856,177.43002025478125,178.81436368275254,20762557
2019-09-26 00:00:00+00:00,178.61045876167344,180.32349741229788,178.1979540859877,178.84969699894074,42044598
2019-09-27 00:00:00+00:00,179.55415673334258,180.84705111380882,178.7050444379036,179.8028524513051,44944791
2019-09-30 00:00:00+00:00,179.84464606398768,180.72042669531086,178.780448309363,179.94518751427387,28971541
2019-10-01 00:00:00+00:00,180.68443539590646,182.11379447156654,179.98502092651327,180.90435560693257,27188106
2019-10-02 00:00:00+00:00,180.5289122141471,181.658987713345,179.686398123438,180.88749571080228,20321199
2019-10-03 00:00:00+00:00,180.57218016165507,182.46610123058917,180.1511263956906,181.0618579391816,42139911
2019-10-04 00:00:00+00:00,178.30519278694953,179.61873908825046,177.73937982976565,178.74401711774308,46092326
2019-10-07 00:00:00+00:00,179.81417234152784,180.97347889016226,179.41625728283162,179.92361032738606,23829994
2019-10-08 00:00:00+00:00,179.95997225659372,180.96996960228788,179.22767638432896,180.41939649846364,46577570
2019-10-09 00:00:00+00:00,181.28372926497576,182.62312986824745,180.5356659513505,181.69700863029522,51638829
2019-10-10 00:00:00+00:00,177.88935172703438,179.63386571612378,177.76310129913642,178.30150217646278,51625253
2019-10-11 00:00:00+00:00,180.6043535185982,182.193200627563,180.0193017148045,180.88755182219964,33329543
2019-10-14 00:00:00+00:00,180.54084215123163,181.52436282726697,179.32101242762178,180.80004426841344,44169269
2019-10-15 00:00:00+00:00,181.9886973569652,182.93594271950903,181.28912708592986,182.20986364849847,36806308
2019-10-16 00:00:00+00:00,180.91569859236608,182.3592818481611,180.040031130816,181.04197653594784,25113050
2019-10-17 00:00:00+00:00,181.66601107662544,183.28770364219224,180.4473750638632,181.85730522202292,54211623
2019-10-18 00:00:00+00:00,180.47456509222332,181.26856746748751,179.45594467034877,180.67320654621452,34992929
2019-10-21 00:00:00+00:00,179.71105296549547,180.95474243280577,178.92261366225532,180.00468379337954,51530062
2019-10-22 00:00:00+00:00,181.982543655381,183.2189756969839,181.0837167366786,182.38152141801967,40858750
2019-10-23 00:00:00+00:00,181.94317860574446,183.6033909925611,180.8683362706477,182.23270253710365,30279184
2019-10-24 00:00:00+00:00,182.45048420514047,183.15714689959935,181.61673391318206,182.57362198491933,57064366
2019-10-25 00:00:00+00:00,183.21458734135055,184.40882920430386,182.722594896814,183.69770326174583,36382927
2019-10-28 00:00:00+00:00,183.89543179967532,185.62498986489945,183.48647059166112,184.37252152731295,36984796
2019-10-29 00:00:00+00:00,184.21894839622587,185.18431806246645,183.16631807346678,184.63302421348524,49908080
2019-10-30 00:00:00+00:00,184.654446255819,186.143512797159,183.95381116215435,185.1509774164447,40549596
2019-10-31 00:00:00+00:00,187.79728318561052,189.05718315341034,187.53185305252256,188.11507611873063,28865465
2019-11-01 00:00:00+00:00,187.64082622218905,188.96033474127907,186.7629739389773,188.12593356229033,50473044
2019-11-04 00:00:00+00:00,188.31701040210157,189.3418247336672,187.46669247751203,188.44725241834828,46825924
2019-11-05 00:00:00+00:00,189.54176539425288,190.81797828048764,189.2192837871349,189.7880376935574,57486327
2019-11-06 00:00:00+00:00,191.0045163059043,191.8560361714954,190.1449515579437,191.194668813107,39878002
2019-11-07 00:00:00+00:00,192.52077194612573,193.77110105806304,191.78194090080376,192.69910517977945,22651788
2019-11-08 00:00:00+00:00,193.3892602666574,194.85101377551445,192.16783204135186,193.54558144621447,20209720
2019-11-11 00:00:00+00:00,191.9050100943115,193.51413648072804,191.54998094732852,192.2539755509379,38995438
2019-11-12 00:00:00+00:00,193.8815646474003,194.947993294393,192.96762878020704,194.2940933896992,34383405
2019-11-13 00:00:00+00:00,192.66715955830864,193.64772838781826,191.94079022689132,192.99847891807678,40768135
2019-11-14 00:00:00+00:00,193.28285639252834,194.20981584410853,192.88703117315015,193.44164147636363,45079305
2019-11-15 00:00:00+00:00,192.19206094836701,193.47758518268142,191.1446651550149,192.6165104563404,32525800
2019-11-18 00:00:00+00:00,192.26516255756331,193.52800002183727,191.6069291963256,192.6195444404288,30520770
2019-11-19 00:00:00+00:00,192.83879305034216,194.2737565496263,192.30318247856138,193.09405933279297,45060248
2019-11-20 00:00:00+00:00,193.1900358731189,194.11636842349915,192.59028114934404,193.5596879913333,33361840
2019-11-21 00:00:00+00:00,193.9420309047185,194.6806656006417,192.78813511289815,194.14599289641563,47127984
2019-11-22 00:00:00+00:00,195.9243695358883,197.0543569822299,195.35754329490095,196.162446419286,49397621
2019-11-25 00:00:00+00:00,196.31969324384997,197.98385127324076,196.09401118461608,196.78668758110277,27016611
2019-11-26 00:00:00+00:00,196.35749781648542,197.26713496171047,195.9446283718231,196.57369961875398,57391910
2019-11-27 00:00:00+00:00,197.52260891343684,198.95210870195626,197.0127448223098,197.81060422070001,57578969
2019-11-29 00:00:00+00:00,198.86191235245118,200.0777969453499,198.03792072036953,199.31796880740958,22780877
2019-12-02 00:00:00+00:00,197.54175088913817,199.3109255380587,196.95321306404995,197.9248394292452,23031863
2019-12-03 00:00:00+00:00,198.59683822259916,200.11740945733166,197.9942379093715,198.72171951306504,55150208
2019-12-04 00:00:00+00:00,199.48420558612654,200.44041400811946,198.97694180422837,199.64312680383813,30457143
2019-12-05 00:00:00+00:00,199.26291396349737,200.09604435376937,198.53332112329576,199.36605059980613,52586627
2019-12-06 00:00:00+00:00,200.7445300596884,202.0082027478463,199.65697440289435,201.09689877578006,41603101
2019-12-09 00:00:00+00:00,200.71776270117687,201.73736365652118,200.15380535875101,200.99683207134103,56799243
2019-12-10 00:00:00+00:00,201.073813875146,202.39990765879858,199.73939973955225,201.22752381550688,39811148
2019-12-11 00:00:00+00:00,200.61666397794355,202.42590231091455,200.1146071706009,201.09983762636625,20621747
2019-12-12 00:00:00+00:00,200.8866685938858,202.37162461437524,200.51936856517386,201.19853248346402,58177622
2019-12-13 00:00:00+00:00,199.76624506154462,201.28735282643913,198.57186228739627,199.9630023791898,57916294
2019-12-16 00:00:00+00:00,198.01469989161475,199.2119334822841,197.3545859469418,198.31494132007663,54537493
2019-12-17 00:00:00+00:00,199.93649926285255,200.96466436665546,199.09867605244204,200.30834739594658,53850844
2019-12-18 00:00:00+00:00,199.24149809077514,200.60994472536217,197.88828219475542,199.37199377796458,30774240
2019-12-19 00:00:00+00:00,198.05244143259785,199.12279746375856,197.71214760829704,198.262322958617,31275833
2019-12-20 00:00:00+00:00,195.33546862593894,196.92952564752167,195.16156026250496,195.75825482229254,48398684
2019-12-23 00:00:00+00:00,194.78763477690407,195.8421446670469,193.85104398360238,195.07150072506514,51601658
2019-12-24 00:00:00+00:00,193.24516211616321,194.1450226077828,192.78196796968066,193.56379297297613,34857318
2019-12-26 00:00:00+00:00,195.34108476425598,197.10679296062753,194.92990976818967,195.61421116513978,31084171
2019-12-27 00:00:00+00:00,196.78843169529375,197.56219318028155,196.36662979253123,196.90599167235095,46966655
2019-12-30 00:00:00+00:00,195.99391134620961,197.64863225210115,195.63836454615148,196.16021125813768,55148794
2019-12-31 00:00:00+00:00,198.6649175690541,200.4204141571173,197.66864862143106,198.94313422455085,48906038
2020-01-02 00:00:00+00:00,200.0175786227776,201.4950709128488,199.5668193815712,200.20125280894075,59873085
2020-01-03 00:00:00+00:00,199.77146353726656,201.05087811081242,198.92373453275925,199.89145514873042,59954663
2020-01-06 00:00:00+00:00,196.5347084252614,198.04997534113323,195.86627147570266,196.97216829088214,28151496
2020-01-07 00:00:00+00:00,199.3088223663254,201.16740092336886,198.8729475774222,199.80129937799103,41817576
2020-01-08 00:00:00+00:00,197.79655526827602,199.00325193949422,197.68670576553848,198.21381241787472,52285676
2020-01-09 00:00:00+00:00,195.8778199528446,197.28701513401134,195.03583241893855,196.31933392152646,27451062
2020-01-10 00:00:00+00:00,197.4296275878112,198.74580840930452,197.11590521539637,197.62641843993802,45482614
2020-01-13 00:00:00+00:00,200.1498705373399,201.54531180341465,199.37223143316768,200.63412132754516,30304803
2020-01-14 00:00:00+00:00,202.19647842797642,203.30273516384804,200.98194421596966,202.37524870975778,40324696
2020-01-15 00:00:00+00:00,202.65136772967588,203.96222432132268,202.19909973276344,203.1319396538206,45211536
2020-01-16 00:00:00+00:00,203.42771714623257,204.98987668050347,202.89010239072115,203.92564486381895,24528268
2020-01-17 00:00:00+00:00,204.64505441205688,206.3803180623704,204.05276014173765,205.0297435343553,38999710
2020-01-21 00:00:00+00:00,205.5280003493827,206.72198622010575,205.131249223476,206.02045784209943,30052700
2020-01-22 00:00:00+00:00,206.11007163903585,207.87232058961612,205.0504630154923,206.43788755086268,49696625
2020-01-23 00:00:00+00:00,206.43911216233448,207.83201652935315,205.24899536493493,206.64292887560492,37264923
2020-01-24 00:00:00+00:00,206.37301876785926,207.97109033480552,205.81200075748396,206.6478171221255,36869307
2020-01-27 00:00:00+00:00,205.485635241334,206.87925030811553,204.70798986147082,205.8230596154855,50590606
2020-01-28 00:00:00+00:00,205.43701689843456,206.84576622466943,204.13934196109952,205.56624952324538,54447582
2020-01-29 00:00:00+00:00,203.26576404036402,204.1309017435504,202.15264284726956,203.61470134621092,35090407
2020-01-30 00:00:00+00:00,203.08422265935232,204.89507421883678,202.5677347536352,203.57669379405723,35974862
2020-01-31 00:00:00+00:00,202.29434140556265,203.01052332456152,201.5175596601918,202.47038446547614,28924435
2020-02-03 00:00:00+00:00,200.80903923830186,202.6159906611801,200.4473829688887,201.22607728481722,53338507
2020-02-04 00:00:00+00:00,201.05879074868955,203.01391301344003,200.06307839301098,201.5219502662014,46098020
2020-02-05 00:00:00+00:00,202.79487237268683,204.06642047199168,202.62953870534204,203.2723530098149,42295574
2020-02-06 00:00:00+00:00,203.9702786952555,205.16465149330347,203.37450336096995,204.45433293701768,45587567
2020-02-07 00:00:00+00:00,202.34114835718128,203.9150955765279,201.86718194515123,202.64973221266987,44001805
2020-02-10 00:00:00+00:00,201.05125528558887,202.29520478970574,200.76317015843767,201.54217844878548,46729306
2020-02-11 00:00:00+00:00,202.34817979151754,204.11666625754353,201.84613528699515,202.75110387437132,55079500
2020-02-12 00:00:00+00:00,201.48745042763056,202.25496159428283,200.1533260663097,201.65211900212535,49780052
2020-02-13 00:00:00+00:00,201.17179917954172,202.08851441850825,200.9075929152891,201.4625592221289,34297708
2020-02-14 00:00:00+00:00,201.81528927080956,203.681773296059,201.12407992275485,202.20262174095836,49300601
2020-02-18 00:00:00+00:00,200.92167226879437,202.29444729339198,200.53803623708671,201.120608395122,49140356
2020-02-19 00:00:00+00:00,200.9708129290776,202.6739462269261,200.67253817250662,201.32705900249715,27716492
2020-02-20 00:00:00+00:00,199.43958821697666,200.63055778594682,198.8666654668224,199.8062284085953,31472170
2020-02-21 00:00:00+00:00,198.99950733833043,200.34107098537444,198.1541271045074,199.16458723585384,41349746
2020-02-24 00:00:00+00:00,199.30229143184377,200.72256738413347,198.86953314846036,199.62832555682488,26158382
2020-02-25 00:00:00+00:00,197.38808231219542,198.8998831967098,196.98027594571244,197.79673307658686,47873254
2020-02-26 00:00:00+00:00,198.10574449632497,199.58783522167707,197.8183357418834,198.40530276213934,35049125
2020-02-27 00:00:00+00:00,198.35689615671689,199.53709657655642,197.65851761958308,198.46173740342732,55886559
2020-02-28 00:00:00+00:00,199.10110996109617,200.13378771803056,197.73816690934734,199.2047253487279,52026685
2020-03-02 00:00:00+00:00,199.31061057201748,200.32934500398602,198.108714927933,199.55342230960548,55480684
2020-03-03 00:00:00+00:00,200.79991319820138,202.5389721564873,200.43551253543708,201.27039082557408,22074278
2020-03-04 00:00:00+00:00,201.30918951691012,202.22693265875475,200.42980629247282,201.50066022875157,41761142
2020-03-05 00:00:00+00:00,200.7116281038526,202.25772788555568,199.65577818829033,201.06537357940127,30533873
2020-03-06 00:00:00+00:00,201.10330023476268,202.02546340568932,200.7859467603991,201.29213058304,41111381
2020-03-09 00:00:00+00:00,201.79542022201986,203.14941838783812,200.71340464754607,202.02408821788367,54832775
2020-03-10 00:00:00+00:00,201.72350346643393,203.40979856940356,200.7143507494856,202.16272030227452,51849424
2020-03-11 00:00:00+00:00,201.89988575481118,203.0101442206257,201.7001045973856,202.29143033171917,56586547
2020-03-12 00:00:00+00:00,201.39088059542576,202.08898360721236,200.86759262031813,201.52904030635105,20690778
2020-03-13 00:00:00+00:00,200.54207839689533,201.4445329482841,199.35281290251856,200.81355920528992,57598496
2020-03-16 00:00:00+00:00,199.09876497367216,200.31642984640132,198.17289273548994,199.21043287913028,45343981
2020-03-17 00:00:00+00:00,201.09756891231342,202.73937137718033,200.8757283364829,201.3899249709546,46919721
2020-03-18 00:00:00+00:00,199.61231548380465,200.5222859097205,199.21965708972152,199.97728908848507,43411915
2020-03-19 00:00:00+00:00,199.07840180169072,200.45995411017162,198.2758591768611,199.22580285112997,42736538
2020-03-20 00:00:00+00:00,198.22816015688326,199.28503277839698,197.25080522142216,198.44371413244693,26036207
2020-03-23 00:00:00+00:00,199.3384887345794,200.5761517546998,198.36446300664346,199.59762338478026,46395783
2020-03-24 00:00:00+00:00,198.8558713609674,200.7525433206754,197.82826225790438,199.32368377082983,33327766
2020-03-25 00:00:00+00:00,200.40367225186912,201.73294576277414,200.11346305865453,200.9009742580383,32344700
2020-03-26 00:00:00+00:00,200.0548209893474,201.13812244288513,199.13456540707716,200.17278550894565,28181311
2020-03-27 00:00:00+00:00,200.18317533421606,201.10126091837492,199.55425495575463,200.58757850361422,51959674
2020-03-30 00:00:00+00:00,199.41647241314158,200.24676075970737,198.7595167802553,199.66516203970252,21658332
2020-03-31 00:00:00+00:00,202.06235771853878,203.07793258416535,201.65017909918816,202.31934099303058,41228657
2020-04-01 00:00:00+00:00,200.57251690085636,201.50207513101623,199.49676632701133,200.97422289019516,50464527
2020-04-02 00:00:00+00:00,200.95863716960943,202.55738306851583,200.07269055580102,201.4260077424676,37548495
2020-04-03 00:00:00+00:00,201.7861685617851,203.19293835638774,201.26820697129187,202.26653999958612,50427511
2020-04-06 00:00:00+00:00,202.51224988211257,203.89124411925593,201.73985349384387,202.8430989165279,24074999
2020-04-07 00:00:00+00:00,202.45790526215444,203.37540091177098,201.973492672315,202.70075372587465,54217863
2020-04-08 00:00:00+00:00,202.20994925185101,203.42090091563114,201.58118181580278,202.62496888619452,28966309
2020-04-09 00:00:00+00:00,202.55714209926452,203.92136712742217,201.56257251944797,202.75754265256944,52138789
2020-04-13 00:00:00+00:00,202.33551063908186,204.12644297424566,201.64597322222866,202.66114025061526,30193756
2020-04-14 00:00:00+00:00,203.6543638061592,204.44821196437138,202.40751002018422,203.89779519076916,33701736
2020-04-15 00:00:00+00:00,206.26777036319564,208.02080711353406,205.51908113643105,206.6304227926788,23892825
2020-04-16 00:00:00+00:00,205.84527308551196,207.1183138519806,205.17045893807722,206.04143265066938,42130590
2020-04-17 00:00:00+00:00,204.30103189688054,205.5415886419301,203.20551704755863,204.47766907517448,56425515
2020-04-20 00:00:00+00:00,203.9844349824828,205.45200915236074,203.78126810557134,204.45173061715298,28998331
2020-04-21 00:00:00+00:00,207.48666034915834,208.19677590824233,206.7428660086319,207.62738182233815,28671734
2020-04-22 00:00:00+00:00,206.44058917768052,207.33284919251065,205.8960133903969,206.7429723407745,43319440
2020-04-23 00:00:00+00:00,208.60157139412217,209.89082451296647,207.8581054121996,208.78991250730738,22644046
2020-04-24 00:00:00+00:00,210.76758149886885,211.72411205563466,209.60137365827038,210.8831534841991,32537769
2020-04-27 00:00:00+00:00,210.18444006683296,211.7161156607272,209.31467456198612,210.29884759414952,59958111
2020-04-28 00:00:00+00:00,210.8915385803295,211.96821782653132,209.76761283890588,211.06162728917184,59368536
2020-04-29 00:00:00+00:00,212.6489950951237,213.73898469562872,212.0192143337862,213.09570323692608,23763302
2020-04-30 00:00:00+00:00,212.50775845015028,213.93546878124315,211.87868051308354,212.7207499477411,21983438
2020-05-01 00:00:00+00:00,212.07626984738815,213.34980693705927,211.2464747719348,212.55645351561827,41971167
2020-05-04 00:00:00+00:00,211.6057875016842,212.9639067262358,211.2001467483268,211.9384364188799,36290309
2020-05-05 00:00:00+00:00,210.52608266614095,211.99856112755361,210.07634536224865,210.80072834204844,37160825
2020-05-06 00:00:00+00:00,209.76955975410146,211.5018593991713,209.0970923639144,210.10159528796925,55307745
2020-05-07 00:00:00+00:00,208.40618761376405,210.00505816265624,207.95201772189247,208.71286696785455,57036023
2020-05-08 00:00:00+00:00,208.4302566282627,210.01012819763835,208.3246800948144,208.83376712976562,59320824
2020-05-11 00:00:00+00:00,207.77680082610613,209.1694324348904,206.84150172519645,207.98979925249526,22803005
2020-05-12 00:00:00+00:00,208.10912219000406,209.79626699067626,207.33924852517177,208.35034234664417,25256583
2020-05-13 00:00:00+00:00,206.10562985018652,207.35909166869635,205.61774975670664,206.56326757119982,33553496
2020-05-14 00:00:00+00:00,206.56174124459702,207.54143594405335,205.57335533523886,207.04032384985717,31434079
2020-05-15 00:00:00+00:00,207.6635353127933,208.8925131631861,207.04935941982498,208.12055860378788,56598653
2020-05-18 00:00:00+00:00,205.5402966351192,206.52596721232888,204.44464425491276,205.80807583270214,58652659
2020-05-19 00:00:00+00:00,205.9247975153165,207.49877830163325,205.69749348031408,206.33694371651924,31592789
2020-05-20 00:00:00+00:00,207.59961221416677,209.02385810725272,206.82094004435777,207.8901465074872,21661342
2020-05-21 00:00:00+00:00,206.2195613441993,207.61203866776248,205.15059765832683,206.51857728505775,36230378
2020-05-22 00:00:00+00:00,208.42379210564008,209.12190759247244,207.5225583919831,208.605664149263,29208201
