date,open,high,low,close,volume
2015-05-27 00:00:00+00:00,19.63677753287723,21.74050588548718,18.84664115696465,20.0,83798199
2015-05-28 00:00:00+00:00,26.017779655091452,28.854620165800327,25.50085523382781,26.917124598499846,41934549
2015-05-29 00:00:00+00:00,28.107416334087723,30.350040012503484,27.270304137220137,28.637456370460995,73035500
2015-06-01 00:00:00+00:00,30.147120504665473,32.554687140821805,29.18637947785243,31.057379986652354,33907397
2015-06-02 00:00:00+00:00,32.016470430831795,34.197216721615284,30.176071508216133,32.466944371208335,55593379
2015-06-03 00:00:00+00:00,33.41105886964422,36.26026991422763,31.495191742490555,34.244739241066505,44800593
2015-06-04 00:00:00+00:00,32.60552673670383,36.50616633449932,31.261274184365845,33.59644412958392,66978193
2015-06-05 00:00:00+00:00,30.671716790188725,32.95238358345109,30.39857553006798,31.626251671074844,75949528
2015-06-08 00:00:00+00:00,32.41652136065561,34.82448037219623,31.44157640211701,33.291165044812175,37455711
2015-06-09 00:00:00+00:00,27.597896138454693,29.988906791994125,26.645969346012798,28.395744434718694,69597863
2015-06-10 00:00:00+00:00,29.77520336088442,32.42719356876083,28.04316354812579,30.396049577358962,37146963
2015-06-11 00:00:00+00:00,31.483033389433455,34.0284047157694,29.574419666389854,31.86808331258236,44813390
2015-06-12 00:00:00+00:00,30.25486887923518,33.21535497388596,29.03661019682961,30.545581979365906,61611460
2015-06-15 00:00:00+00:00,30.695150145327084,33.47779065494457,29.780312133202912,31.167320252988965,57118781
2015-06-16 00:00:00+00:00,28.795999056088437,32.32064828797919,27.80417651566967,29.4201401124628,43249127
2015-06-17 00:00:00+00:00,26.57030190143237,29.883837429797442,25.966597251650484,27.237047071710503,54029218
2015-06-18 00:00:00+00:00,29.070325638799197,30.857091911082257,28.683248110443312,29.774688344869844,35000482
2015-06-19 00:00:00+00:00,29.73878128444925,31.865508769350352,27.938796511898083,30.40167415079913,32629904
2015-06-22 00:00:00+00:00,35.099610525006376,38.04408483816722,32.81706826890981,35.4985674610812,86092533
2015-06-23 00:00:00+00:00,41.3050417007015,43.75940516278238,40.860135613571565,42.1634856605594,37993068
2015-06-24 00:00:00+00:00,43.523448040918865,46.495035299841604,42.2169110561448,44.02225787440669,86581480
2015-06-25 00:00:00+00:00,44.17582223482764,47.775729765555425,42.20198687486895,44.928921495869645,88849117
2015-06-26 00:00:00+00:00,48.63718249940941,51.823611762599484,47.98921398636827,49.31322880887973,42965452
2015-06-29 00:00:00+00:00,44.85478625799864,47.49751540351001,43.136362007800294,45.198013982042035,56370020
2015-06-30 00:00:00+00:00,42.071615043092216,44.43689298000757,40.3090450965635,42.45021544317096,39071799
2015-07-01 00:00:00+00:00,41.43995176401073,43.84828699080414,40.427307683350044,42.26311364165593,66290546
2015-07-02 00:00:00+00:00,43.07671620494125,44.526340948460025,41.90517346809127,43.38943324849028,79717514
2015-07-06 00:00:00+00:00,43.52810787931548,46.897475957293594,41.36859499460305,43.95669483872231,55092158
2015-07-07 00:00:00+00:00,44.36175477278907,46.60158564228601,43.32200807543546,44.56794948692792,88431623
2015-07-08 00:00:00+00:00,46.34582677945308,48.80926335861227,45.35723669220918,46.73721427257221,45923257
2015-07-09 00:00:00+00:00,46.48493135962872,48.27341901176724,45.177412407723345,47.06961346086481,47643115
2015-07-10 00:00:00+00:00,47.83826531658326,51.24379020787756,46.522125372109166,48.816580994613126,82512507
2015-07-13 00:00:00+00:00,48.82651824436788,52.119350464392454,48.29958456367178,49.79069674162444,51684347
2015-07-14 00:00:00+00:00,48.43186535852604,50.58962196332233,45.987205029721764,48.69793668440111,72972630
2015-07-15 00:00:00+00:00,46.44458273077025,48.00641634078404,44.203886079884214,46.96276243180095,30977402
2015-07-16 00:00:00+00:00,44.52717700991931,45.82273297033137,42.09319754819201,44.75424642367112,72047551
2015-07-17 00:00:00+00:00,45.54230287279317,47.43559207097917,43.860174819730254,46.1161255416252,54704811
2015-07-20 00:00:00+00:00,45.07554637135578,48.33099834854577,43.862094521384314,45.97419225045751,52756872
2015-07-21 00:00:00+00:00,50.63472010369521,52.149707481151,49.27403920545903,50.87857923860879,88192518
2015-07-22 00:00:00+00:00,51.17545954107972,52.62507675003709,49.49244938452532,51.62389663553134,76789646
2015-07-23 00:00:00+00:00,56.097158270271414,59.74695596459335,54.32038208378382,56.76552734895525,85339909
2015-07-24 00:00:00+00:00,53.64108198762219,56.87814742648459,53.14156833337133,54.432368599021835,41548222
2015-07-27 00:00:00+00:00,54.405423248713774,56.27873371458822,53.331979414966895,55.07436736150019,59525942
2015-07-28 00:00:00+00:00,51.52183166748722,53.695410225356554,49.6368858667116,52.38275587747722,60151582
2015-07-29 00:00:00+00:00,51.98668906556854,54.11728026128629,50.91164803809215,52.533672076491335,63210104
2015-07-30 00:00:00+00:00,54.85198782843545,57.94843960074743,53.434765462607004,55.24863245669526,72881419
2015-07-31 00:00:00+00:00,54.189423771878424,56.59014469916562,52.84923980735403,55.007137695972794,37751374
2015-08-03 00:00:00+00:00,54.14198577518373,56.366542737825625,53.2052403266054,55.07818983620251,84326207
2015-08-04 00:00:00+00:00,55.98425019401169,58.45730701233809,55.52695092479076,56.852754419929624,31676147
2015-08-05 00:00:00+00:00,61.75206388740556,64.19116093469239,60.909174156703514,62.389870528078305,52046175
2015-08-06 00:00:00+00:00,60.39059410904308,63.060966930325854,58.3896210886778,61.01422338852145,56166929
2015-08-07 00:00:00+00:00,58.75810982523792,62.15498348265027,57.69158337858826,59.275910038495056,73825416
2015-08-10 00:00:00+00:00,58.10593789906896,61.257248844288014,56.15185359165294,58.559863779698695,48390795
2015-08-11 00:00:00+00:00,58.3107747697621,60.34818083818026,57.39743427298633,59.077430708009004,35029910
2015-08-12 00:00:00+00:00,57.411113005451206,59.03996855519379,55.987901194257915,58.02881061040627,71426098
2015-08-13 00:00:00+00:00,58.98417602015604,60.81889763789821,57.39083706770855,59.575734126513936,75400404
2015-08-14 00:00:00+00:00,62.0401943439915,64.26629491556842,60.38065916966425,62.287759822356975,33895967
2015-08-17 00:00:00+00:00,59.535848637614414,62.10904453242933,58.31819910297426,60.123074175332206,63548183
2015-08-18 00:00:00+00:00,64.02178022409046,67.42644596672172,62.25975175245636,64.93023452156709,47151186
2015-08-19 00:00:00+00:00,61.603732492941695,64.44204763207937,60.16731125877697,62.24569161760761,48326491
2015-08-20 00:00:00+00:00,63.12975327935291,65.9110498152377,61.42426852472177,63.92188638645377,46545621
2015-08-21 00:00:00+00:00,64.53969686133726,67.22028999358496,63.792327618458856,65.03696216673765,87263154
2015-08-24 00:00:00+00:00,69.81153812776047,71.70042632066861,68.81939527991891,70.39700849258506,79752957
2015-08-25 00:00:00+00:00,69.20621057226117,71.74852697073395,67.23376872192571,69.60571180446196,39794657
2015-08-26 00:00:00+00:00,69.50029581589507,72.37358286352678,68.4537735577571,70.33155266344298,60626360
2015-08-27 00:00:00+00:00,71.57893733888403,73.74594012781128,71.15638812768317,72.18457589490987,54282710
2015-08-28 00:00:00+00:00,74.7205254178996,77.18124519074841,73.03685295387344,74.92238858184467,84528149
2015-08-31 00:00:00+00:00,74.26400603627711,76.14485390867053,73.12161939230717,74.99448737811193,63037170
2015-09-01 00:00:00+00:00,79.00008602544871,82.70546751246265,77.55936857843312,79.99431815559348,69963972
2015-09-02 00:00:00+00:00,76.9064902769459,78.80385612905577,75.52003633645357,77.6313508624528,82802103
2015-09-03 00:00:00+00:00,75.58182358932869,77.37614737350727,74.28440269401062,75.92687660078049,88216417
2015-09-04 00:00:00+00:00,76.24874687570282,78.6952976409389,73.87714346369442,76.54468790519097,68846596
2015-09-08 00:00:00+00:00,73.89264748616671,77.2072144887187,72.78402844067193,74.86257503633377,84836437
2015-09-09 00:00:00+00:00,70.76054358166894,74.1359762582737,68.6005757334179,71.5552747910441,78684271
2015-09-10 00:00:00+00:00,74.89998025952308,77.58276562012183,72.88100909866277,75.41151353125272,61999402
2015-09-11 00:00:00+00:00,77.37703063496816,80.31476359089862,75.28184839917708,77.96515892148231,72422705
2015-09-14 00:00:00+00:00,72.05865596353462,74.26938540326103,70.98972262602857,72.76212819378,79737379
2015-09-15 00:00:00+00:00,74.81714758233254,76.73339483507787,73.56034553394606,75.39356182641174,87015651
2015-09-16 00:00:00+00:00,77.588020468463,79.81963229605687,75.94187948431878,78.52416341960046,30156232
2015-09-17 00:00:00+00:00,75.5261296150564,78.01788560716254,73.64954285295103,76.05721457535421,52214436
2015-09-18 00:00:00+00:00,79.20863574458635,81.61012738014492,78.43682563551101,79.43912601767758,32214285
2015-09-21 00:00:00+00:00,75.14291660175957,78.76509225193068,74.90134150489514,75.92034096683733,86664680
2015-09-22 00:00:00+00:00,74.00174787208518,76.75893505575824,72.07511240085219,74.83510257098952,64683851
2015-09-23 00:00:00+00:00,74.28366207615417,76.89499533378506,71.79856163710323,74.57876573405798,54675638
2015-09-24 00:00:00+00:00,75.65816814363285,78.37979328801163,74.31746984360909,75.94328757769513,55145253
2015-09-25 00:00:00+00:00,76.57899512224019,78.95477418898585,75.91903116767904,77.07450960539374,35630111
2015-09-28 00:00:00+00:00,77.46573103278232,79.30716911168906,75.2486220802257,77.77823631790261,37706662
2015-09-29 00:00:00+00:00,75.03043717763033,78.12507989039898,73.0590758250245,75.79024621595738,87124754
2015-09-30 00:00:00+00:00,79.03742311508562,82.24224374564486,77.4492530912315,79.79522223603546,70828216
2015-10-01 00:00:00+00:00,80.78162774235558,82.98282838793307,80.34018258194953,81.611020538335,51647316
2015-10-02 00:00:00+00:00,80.02089694183097,82.10927901509862,79.18461884573357,80.41543397454151,64241389
2015-10-05 00:00:00+00:00,78.75875069041363,82.10078395038809,77.29450000793409,79.14398057286621,71048072
2015-10-06 00:00:00+00:00,82.07746236794158,84.51352384598209,80.23590765296002,82.81232619276855,52474316
2015-10-07 00:00:00+00:00,83.81324547467416,85.66863087371823,83.34154748184638,84.56683997138106,57055499
2015-10-08 00:00:00+00:00,82.01781179460212,84.66919102675888,79.88860873687797,82.45409021685496,55419721
2015-10-09 00:00:00+00:00,81.37276151144425,83.59151463020969,79.16182957549941,81.62619864889025,88228438
2015-10-12 00:00:00+00:00,83.44171092068143,85.35597280262448,82.41931965916433,84.34693155093701,79927302
2015-10-13 00:00:00+00:00,79.24765246216951,81.29053275681738,78.39303330731384,79.56541879191356,44228346
2015-10-14 00:00:00+00:00,76.71116518298601,79.23286159097971,75.00722990322794,77.54820620364274,77495898
2015-10-15 00:00:00+00:00,78.95269198689064,81.17669971069705,77.94380381021341,79.50017520053952,59143413
2015-10-16 00:00:00+00:00,75.82877038897094,79.04251421642459,75.37823471193394,76.59247010577793,30460501
2015-10-19 00:00:00+00:00,79.88522125256424,81.80418236418122,79.56499970298678,80.75941975886809,63446564
2015-10-20 00:00:00+00:00,77.7067505838071,81.03388265463657,75.97126171863981,78.120144840211,89113940
2015-10-21 00:00:00+00:00,74.36748901538229,76.57106278831328,71.87419272297831,74.80669844792371,86762948
2015-10-22 00:00:00+00:00,70.8932597449854,73.15093817876273,68.8905242487272,71.63254830086173,84904377
2015-10-23 00:00:00+00:00,71.20783258946533,73.76949289411765,69.08136110987732,71.88619815807068,67080201
2015-10-26 00:00:00+00:00,70.42516764209793,72.24587255244919,68.66801975679583,71.00855965003942,34848190
2015-10-27 00:00:00+00:00,68.65849842409726,71.02648713239658,67.5117499097113,69.23023813819616,45472752
2015-10-28 00:00:00+00:00,69.18349103761796,71.9968813495759,68.20171327386376,69.65643166602196,67332718
2015-10-29 00:00:00+00:00,66.8620947687602,70.17932985276119,66.30161739443194,67.79480288725594,69521768
2015-10-30 00:00:00+00:00,67.81247639173093,70.2267606378064,65.69854708801716,68.57867299095507,52953374
2015-11-02 00:00:00+00:00,69.98320280233905,71.57922203571204,68.25500000481644,70.35154235707303,43311886
2015-11-03 00:00:00+00:00,70.68102650201392,73.89604935553216,70.19355849327077,71.39889367051069,65419408
2015-11-04 00:00:00+00:00,68.42109598839139,71.83691860893606,66.50993113954318,68.84771501433273,30047312
2015-11-05 00:00:00+00:00,70.4679860581379,72.30557545894301,68.9378823941603,71.2537094073349,87769843
2015-11-06 00:00:00+00:00,71.25728131374434,74.60817681036072,70.6400672467882,71.80816237793613,60898896
2015-11-09 00:00:00+00:00,73.13508148507205,77.00145056532904,71.05829586882233,74.040735688374,69302472
2015-11-10 00:00:00+00:00,76.09432432170551,77.88434834160903,74.82218696271768,76.63003488923322,34624883
2015-11-11 00:00:00+00:00,75.59632586378214,78.24513498499245,73.9983193793604,75.8094381394078,89187991
2015-11-12 00:00:00+00:00,77.55383385968543,80.27363618742719,74.95907439138831,77.91772826643385,83100580
2015-11-13 00:00:00+00:00,75.96629106889412,78.7081590305452,74.82899233608089,76.29534392223738,32703009
2015-11-16 00:00:00+00:00,77.4383066913199,79.67273509725693,76.45823199124335,77.91246216074714,64049898
2015-11-17 00:00:00+00:00,73.37225224268317,76.24197208117947,71.59372674726615,74.00909259711095,50024413
2015-11-18 00:00:00+00:00,75.61644729961118,77.96384225038912,74.20341401267602,75.85293038185004,50613362
2015-11-19 00:00:00+00:00,75.37268920685176,77.72693089531907,74.58205455290154,76.06819408265673,49689221
2015-11-20 00:00:00+00:00,71.55497068394351,74.22462456668701,70.95703748619647,72.0224849376653,41987386
2015-11-23 00:00:00+00:00,72.73238779662063,75.91288289125326,70.70926210613871,73.00741769061874,32912864
2015-11-24 00:00:00+00:00,71.4595678725703,74.17171518885249,70.4173543768762,71.82624137681249,77352108
2015-11-25 00:00:00+00:00,76.77286824501886,79.99059265343617,75.74709105910512,77.27055983186929,70991638
2015-11-27 00:00:00+00:00,77.31564513071127,80.3093309264112,76.02235357500803,77.91436979623923,56663886
2015-11-30 00:00:00+00:00,83.3230717969397,86.52801941578113,81.01821874221734,83.82183795961649,48270869
2015-12-01 00:00:00+00:00,85.32618938056922,87.13434304366834,84.6927401259281,85.7943972899551,62252106
2015-12-02 00:00:00+00:00,83.55695050756184,85.41939353541538,82.16502121914587,83.78666911728912,53489692
2015-12-03 00:00:00+00:00,83.84860192711075,86.65746548641158,82.23068878272377,84.70074789606346,87006291
2015-12-04 00:00:00+00:00,84.81030216323236,88.31160092183532,84.45543398168623,85.4586919306647,59611549
2015-12-07 00:00:00+00:00,87.45533666686899,90.35082308605797,85.03007880129411,87.76910412618854,31540501
2015-12-08 00:00:00+00:00,83.07627575946701,85.31519929265849,82.38647870708363,84.01677550815326,50818549
2015-12-09 00:00:00+00:00,83.1080964611308,85.3484271527579,80.67227591532914,83.53703312909134,76737559
2015-12-10 00:00:00+00:00,81.41861402858946,84.5180138725208,80.83627053948001,82.24173248247307,74923732
2015-12-11 00:00:00+00:00,82.5509501388297,85.05475873746687,80.58037065574644,82.9842215585064,44385483
2015-12-14 00:00:00+00:00,83.26336352112605,85.45145128553816,81.06751337863923,83.63617273102436,82915013
2015-12-15 00:00:00+00:00,84.20056048514775,87.58609387769003,82.4937307683109,84.60578458169869,31032735
2015-12-16 00:00:00+00:00,86.10854592158074,87.51994989777724,84.12751628613353,86.44199754917281,39271127
2015-12-17 00:00:00+00:00,85.43535879248739,87.80095476809495,84.2470859397576,86.15685619603516,72247608
2015-12-18 00:00:00+00:00,87.36697637134328,91.24967241537675,86.44773739658858,88.25720548370042,43016610
2015-12-21 00:00:00+00:00,86.46129583281979,88.80596561031881,85.40508277111456,87.44906015507428,56107607
2015-12-22 00:00:00+00:00,85.81953422147441,88.42372372402735,84.20004582820204,86.57576394520565,37782057
2015-12-23 00:00:00+00:00,86.8899056979963,88.59885698898694,86.5542323646715,87.58461191160177,79251198
2015-12-24 00:00:00+00:00,87.80123140217721,90.17993166829687,86.80098330050764,88.22530020185026,77855362
2015-12-28 00:00:00+00:00,85.12002019914783,88.70970334363068,83.26651276215803,85.91836020952017,65551400
2015-12-29 00:00:00+00:00,90.78993831998469,92.90171268410316,90.49340882212616,91.64724831813568,67109873
2015-12-30 00:00:00+00:00,88.99683561578827,91.14475044660665,88.27639941296609,89.36876690326041,39950419
2015-12-31 00:00:00+00:00,84.86942183152443,88.24166541798743,83.2453762003715,85.71293471858414,47008848
2016-01-04 00:00:00+00:00,88.13317481236791,89.91835566842511,86.38632418301694,88.69719219552564,74087259
2016-01-05 00:00:00+00:00,89.4555914900585,91.62811617749837,88.8015515148159,90.16765903165614,44217409
2016-01-06 00:00:00+00:00,90.56290064517349,92.42457496923056,89.05826918627054,91.30131093204446,39832947
2016-01-07 00:00:00+00:00,88.95080196258456,92.81039339514274,87.34178343465427,89.87504434953972,77767576
2016-01-08 00:00:00+00:00,86.32596232550223,89.44053796492592,84.7509739564091,86.52932015386071,66284026
2016-01-11 00:00:00+00:00,85.61134076946287,88.2606366930643,83.76595333030565,86.13104336362053,57506785
2016-01-12 00:00:00+00:00,85.41103857911729,88.86926075927234,84.99439408721638,86.16685216426733,53270227
2016-01-13 00:00:00+00:00,85.5196302404479,88.03405450164401,84.60154738021174,86.34790463990556,37220333
2016-01-14 00:00:00+00:00,86.37582787186258,87.74449683542444,84.75763921470534,86.73197460173246,71719750
2016-01-15 00:00:00+00:00,89.0189905712355,92.42881718082496,87.63866364381946,89.98400613464547,58547026
2016-01-19 00:00:00+00:00,86.46720529954924,90.22377229110053,85.86305173859228,87.3897735769832,46914910
2016-01-20 00:00:00+00:00,82.23434175306444,84.66524496773167,80.04664169225856,82.76975152390128,87506852
2016-01-21 00:00:00+00:00,81.24048591549646,83.40510106836719,80.06187087809727,81.96949276877288,72694478
2016-01-22 00:00:00+00:00,77.01579516774794,80.48505409836494,75.99536462221016,77.95434482234626,78105945
2016-01-25 00:00:00+00:00,70.81401825405952,73.87576225664712,69.65692374698898,71.26185833322943,87946571
2016-01-26 00:00:00+00:00,74.73820035601722,78.00217789015186,72.99705696042646,75.21826360989952,58728776
2016-01-27 00:00:00+00:00,75.21864071841867,78.652892873775,73.53653352886089,75.81328633829584,46728592
2016-01-28 00:00:00+00:00,74.01920532538654,75.54429361541098,71.66876350947308,74.39627282548784,88106891
2016-01-29 00:00:00+00:00,73.24059115162851,74.66109445803365,71.26449943984716,73.5685504080871,33415413
2016-02-01 00:00:00+00:00,77.75865444347198,79.29367047125652,76.10099407353295,78.07724277589386,42624944
2016-02-02 00:00:00+00:00,80.55652452865884,84.04065376097537,78.73964660200846,81.05228790776732,88950386
2016-02-03 00:00:00+00:00,82.97098206312867,84.76268901128644,82.04243191488283,83.44677868556462,35715905
2016-02-04 00:00:00+00:00,83.83837663259207,87.10152281268479,82.04629369128651,84.42394273668579,84442398
2016-02-05 00:00:00+00:00,81.47148892031709,83.58391161373726,80.71868753338079,81.91632050263996,77735294
2016-02-08 00:00:00+00:00,81.40936011330824,84.44877636178148,79.59995466802533,81.75286849916716,37801037
2016-02-09 00:00:00+00:00,78.59478681262502,81.55563636729909,78.02393561440853,79.53889818733175,57007178
2016-02-10 00:00:00+00:00,84.19041907694495,87.2048642993283,81.9540341350222,84.76275864963154,83248548
2016-02-11 00:00:00+00:00,81.47733221478708,83.93378383277079,80.4253909788131,82.29686268482595,67526600
2016-02-12 00:00:00+00:00,78.84322733267466,81.77746289795954,76.90792463774665,79.18065692210472,65705225
2016-02-16 00:00:00+00:00,74.8879255942657,78.14884676609894,73.39040224236503,75.24834693006251,50748962
2016-02-17 00:00:00+00:00,76.85873467192816,79.22255074045219,74.97824319970871,77.4036703547682,63773226
2016-02-18 00:00:00+00:00,72.42545048132668,74.47122024508215,70.55117214957053,73.38482840269658,52382490
2016-02-19 00:00:00+00:00,74.33361257362945,76.98037281399824,73.18240626371413,75.05697163220117,83165312
2016-02-22 00:00:00+00:00,75.33545257226893,77.98744807308648,73.81589720095828,75.92315410210257,79082927
2016-02-23 00:00:00+00:00,74.72129989693308,77.8496097071368,73.6853855650483,75.55867335641506,82107282
2016-02-24 00:00:00+00:00,81.07047426460873,83.39700441188208,79.84620493449506,81.94364882079519,64408944
2016-02-25 00:00:00+00:00,80.05021120885289,83.07145585371202,78.97876380414237,80.72549910003781,68660428
2016-02-26 00:00:00+00:00,81.7307230142042,83.28310354040805,79.20065985479204,82.11731648537467,70008370
2016-02-29 00:00:00+00:00,78.55381797326369,80.73973623135309,76.8735499255974,79.1782808317082,83263276
2016-03-01 00:00:00+00:00,76.498785281128,80.22523443422233,75.18232151630981,77.33221092987012,33354032
2016-03-02 00:00:00+00:00,78.97894205718048,82.10269081767227,76.53432878803164,79.36751451307728,44865031
2016-03-03 00:00:00+00:00,76.61628348176484,78.82382333415448,75.05705036966897,77.58741290315164,74979284
2016-03-04 00:00:00+00:00,77.11698431402559,79.23737965282412,75.12817637556113,77.65133381071838,82600680
2016-03-07 00:00:00+00:00,79.0609566720907,81.33150798904474,77.22356141504511,79.5223548717605,61348426
2016-03-08 00:00:00+00:00,78.8856308886254,82.60800245650319,77.34198310140215,79.87616326617385,43212923
2016-03-09 00:00:00+00:00,78.32259408710425,81.09964617849424,77.25152180152325,78.98818547583484,66305629
2016-03-10 00:00:00+00:00,78.39423664131907,81.72816576120474,76.71514829824262,79.27233912062871,71936305
2016-03-11 00:00:00+00:00,73.90721704628591,75.2890277749995,72.69029124300309,74.13455637634777,85489709
2016-03-14 00:00:00+00:00,73.2181071883603,75.15558465305396,72.00830186987561,73.58578084003882,32007708
2016-03-15 00:00:00+00:00,76.01587686391827,78.48639026710025,74.85231916586544,76.39255688039151,60125339
2016-03-16 00:00:00+00:00,79.9959974114404,82.6696995998854,79.4207459854727,80.92259293708062,88794100
2016-03-17 00:00:00+00:00,82.58916477597008,85.8096019421212,81.02742332933337,82.81145974844507,60251717
2016-03-18 00:00:00+00:00,82.37747569122477,86.34035096103653,81.37053261721458,83.34561183349048,45230507
2016-03-21 00:00:00+00:00,83.45199451357766,85.99328232385312,81.30175399480667,83.9147074437821,77779221
2016-03-22 00:00:00+00:00,81.1836135058712,83.82325889484413,79.30292550962221,82.14988225720711,34998228
2016-03-23 00:00:00+00:00,84.39665576729278,86.20368555375833,82.68169237218476,84.70563018258287,67421733
2016-03-24 00:00:00+00:00,86.87942762056309,89.9775431410369,85.77024258511068,87.11269483066573,66900941
2016-03-28 00:00:00+00:00,85.44557369255178,88.4448958766516,84.4912008627943,85.91792193828688,88720306
2016-03-29 00:00:00+00:00,81.24955391412561,84.74090375863517,79.74025586502782,82.19374417740059,64720566
2016-03-30 00:00:00+00:00,82.97554196432344,86.01145250897738,81.69056786374031,83.4318764824302,86205321
2016-03-31 00:00:00+00:00,86.12842626501485,88.4543678991214,85.5583113438588,86.73163570630187,74030459
2016-04-01 00:00:00+00:00,84.85493676865424,88.23522850895468,82.91461233172626,85.76188982648476,33622556
2016-04-04 00:00:00+00:00,86.27142929749171,87.74730567709382,84.06403119330592,86.577406774541,54122948
2016-04-05 00:00:00+00:00,86.82393777183057,90.47855031552413,84.98030834845947,87.75885717811363,59001983
2016-04-06 00:00:00+00:00,90.00992518808245,92.71114401901288,88.4304685950385,90.38078929080967,64956553
2016-04-07 00:00:00+00:00,90.93950414137018,94.36932474863234,90.62901541989886,91.81537111339887,85470187
2016-04-08 00:00:00+00:00,89.39259836373905,92.09658412969996,86.90384304255275,89.6448590343384,88718649
2016-04-11 00:00:00+00:00,91.64271070409896,93.32004515293373,89.69596648849365,91.9121187794869,86771466
2016-04-12 00:00:00+00:00,90.75598315763801,93.5363364869869,90.15938808519279,91.31602941870635,34481881
2016-04-13 00:00:00+00:00,91.06515349894241,94.34210492686148,89.18387692696245,91.5388831080498,30702395
2016-04-14 00:00:00+00:00,93.64376258487113,95.78916074700842,91.70976868079823,93.9114603186161,85629155
2016-04-15 00:00:00+00:00,88.56140483867587,91.38690835121898,87.41943657998796,89.46330816026428,57895101
2016-04-18 00:00:00+00:00,91.25419538983314,93.4591907056842,89.44497618493577,91.77229716541852,61251501
2016-04-19 00:00:00+00:00,88.96869002497816,91.57140412531984,86.89451820024928,89.23082090428015,44838809
2016-04-20 00:00:00+00:00,87.65464183688437,89.64886401882232,86.91137204051694,87.92986344621599,39803145
2016-04-21 00:00:00+00:00,90.64649385760914,92.68490892069815,89.64753764847049,91.10243165764565,87602956
2016-04-22 00:00:00+00:00,93.30232000448008,97.001294170188,91.39150226538396,94.25679172844212,49149746
2016-04-25 00:00:00+00:00,91.85149277423704,94.34721939641618,91.02114070526802,92.35563381913151,33345771
2016-04-26 00:00:00+00:00,89.37373763818567,92.4493556689619,88.78880779062939,89.93169092672514,78004219
2016-04-27 00:00:00+00:00,85.50241745542453,87.75705359587481,84.19643197505633,86.26955208482804,44833877
2016-04-28 00:00:00+00:00,83.68008007152439,87.15546787508906,82.31003433468355,84.28240233153903,71662925
2016-04-29 00:00:00+00:00,87.70633339016307,90.36205951008344,86.41624909841958,88.43944117385438,42036721
2016-05-02 00:00:00+00:00,88.60979315511386,91.61542544623012,87.14097604555096,89.05313864252305,85322828
2016-05-03 00:00:00+00:00,86.39984365056205,87.82277814978374,84.06945196348157,86.7180929119739,44087655
2016-05-04 00:00:00+00:00,86.11539957240576,88.2888109300283,84.2535722833102,86.53832757001443,73355823
2016-05-05 00:00:00+00:00,82.4127138500111,85.56856145055716,80.43598810284381,83.35059823343789,38060005
2016-05-06 00:00:00+00:00,82.34733479840088,85.73326580285757,81.106970247332,83.27735212916193,50652559
2016-05-09 00:00:00+00:00,84.48638621933632,86.51130501111807,82.910126967637,85.17376813961924,89449234
2016-05-10 00:00:00+00:00,81.02392703736903,83.03886298491523,78.99771758803254,81.80095393936259,57196030
2016-05-11 00:00:00+00:00,83.80617526790033,85.27192755378293,82.47237596270817,84.1282214813747,82356208
2016-05-12 00:00:00+00:00,87.28082997620785,89.71718580761221,85.34463306020527,88.24275246641484,80630232
2016-05-13 00:00:00+00:00,89.91177487698783,93.67920895455842,88.13662401782578,90.7168970680051,39166829
2016-05-16 00:00:00+00:00,89.17449505329674,91.67069508628327,87.05269493986553,89.48970706029127,39875288
2016-05-17 00:00:00+00:00,91.20542100409718,94.42322717985046,90.48617700215652,91.99481950364208,51490606
2016-05-18 00:00:00+00:00,89.27094584646895,92.45059671973759,87.61126182513146,89.70644612849291,54056774
2016-05-19 00:00:00+00:00,86.29436633394477,90.08502509915957,86.12980058934546,87.219319634558,47752625
2016-05-20 00:00:00+00:00,91.79905555099788,94.09273794202258,89.87036285903277,92.7828724270897,41349299
2016-05-23 00:00:00+00:00,89.24707645752365,91.78126795426869,87.48855835740233,89.76477198753133,43942389
2016-05-24 00:00:00+00:00,87.1403266831379,89.9702013964651,86.68101613136923,87.90766405878804,72017933
2016-05-25 00:00:00+00:00,86.86691336964228,89.22754184243145,84.48966549544849,87.42396560183535,61140666
2016-05-26 00:00:00+00:00,86.97372985517936,90.57142524246588,85.03699460611199,87.80071246175332,46373448
2016-05-27 00:00:00+00:00,90.34938705212141,92.36542024591434,89.07976408336293,91.2550008282335,75892510
2016-05-31 00:00:00+00:00,92.71805187231251,94.56571267503068,91.44847899248096,93.39032209440398,30972305
2016-06-01 00:00:00+00:00,96.73296741908564,98.5184255242899,94.2449734969566,96.93960203827066,40701602
2016-06-02 00:00:00+00:00,98.17685846035045,100.1305141881712,96.91394790532513,99.01952713658322,65467609
2016-06-03 00:00:00+00:00,99.53604949856937,102.90293829580675,97.59234792125838,99.90506870291475,73658078
2016-06-06 00:00:00+00:00,95.90693072413137,99.00583420550795,93.75731790288741,96.57627105013206,75282942
2016-06-07 00:00:00+00:00,96.80255736960432,99.22345183111933,95.0502344580041,97.09498722779104,36514703
2016-06-08 00:00:00+00:00,95.03631491706027,96.86007368414816,94.38560471011569,95.4213213854354,42254047
2016-06-09 00:00:00+00:00,92.85360991363987,94.89227553923295,92.73998687780329,93.77104701525055,39713000
2016-06-10 00:00:00+00:00,92.47409349366855,96.1652802988021,91.42517767777312,93.20790509918814,33498827
2016-06-13 00:00:00+00:00,97.92491008882378,101.46535524502666,96.72171222759411,98.58425297218875,64867679
2016-06-14 00:00:00+00:00,100.5538621439294,104.15008362565818,99.10062405593072,101.24439334221155,78090882
2016-06-15 00:00:00+00:00,103.05808454486771,105.19370427089717,102.04054361154547,103.97418299223911,80348488
2016-06-16 00:00:00+00:00,100.43815947127509,103.17255235642932,99.55481247558318,101.4213872996495,85774134
2016-06-17 00:00:00+00:00,100.89552335447999,104.45355612945293,100.49572430787542,101.57049989692699,66039093
2016-06-20 00:00:00+00:00,100.95361004106036,103.3794160798549,99.62228392084977,101.17079602587914,32345028
2016-06-21 00:00:00+00:00,101.49749514563263,104.68481287020172,99.26418039641901,102.05278385299242,74222646
2016-06-22 00:00:00+00:00,103.41438792442796,106.68714749048395,103.04738442175737,104.28867015705809,35982221
2016-06-23 00:00:00+00:00,103.51645747520695,106.01292956087079,101.88615854762989,104.08759057934495,79925259
2016-06-24 00:00:00+00:00,104.07084981262558,106.13896680955922,102.95645646275861,104.53545298534696,85010092
2016-06-27 00:00:00+00:00,105.64605735465727,107.65757265121573,104.28696162252785,106.34973945074384,86397793
2016-06-28 00:00:00+00:00,107.277064006271,108.84519359346041,106.17249779493076,107.51870557520829,31857773
2016-06-29 00:00:00+00:00,109.30711771194373,111.40356729798813,107.26096804619564,109.6883124335609,81141613
2016-06-30 00:00:00+00:00,102.56906841220453,105.11906500526612,101.9244375091815,102.9971513209028,71184669
2016-07-01 00:00:00+00:00,100.33135097047006,101.75037271868797,98.17489467131377,100.68426918381464,83078488
2016-07-05 00:00:00+00:00,99.95723837506684,102.21402095217812,97.84810562200589,100.44607980758164,84475488
2016-07-06 00:00:00+00:00,97.38037889441676,99.97665731418672,95.56712061731794,98.0630097763299,71639169
2016-07-07 00:00:00+00:00,94.71508760067522,97.69585972713102,94.39848000510042,95.49442005193926,68027944
2016-07-08 00:00:00+00:00,88.63895119345668,91.87905339866661,86.55866827113907,89.2250027490039,32826328
2016-07-11 00:00:00+00:00,90.60569795888705,92.91614769391313,89.92451934551016,91.0275757438294,37673013
2016-07-12 00:00:00+00:00,90.10348589075504,92.5202300830889,87.51573985932328,90.34527374285632,43199903
2016-07-13 00:00:00+00:00,87.87866995410282,90.03343617399224,85.6017155151816,88.17376805837347,72462179
2016-07-14 00:00:00+00:00,91.88494992465186,94.54705527820963,90.60856175920085,92.61364347425493,76925634
2016-07-15 00:00:00+00:00,90.76881790371021,94.45594020150509,88.89042971863972,91.59175276004206,64031542
2016-07-18 00:00:00+00:00,93.69039806992458,95.06273858061617,91.09555883933761,93.89199534950309,47858593
2016-07-19 00:00:00+00:00,93.96681064753028,95.87008458298531,92.26197438707815,94.6172129595564,53179697
2016-07-20 00:00:00+00:00,95.76182637427556,98.37702940273952,94.60964291604425,96.31385794262854,48075148
2016-07-21 00:00:00+00:00,90.3402807364439,93.9501523868661,90.02346365789931,91.33245063820588,42678265
2016-07-22 00:00:00+00:00,90.67287034368258,93.82012146724193,89.45829037187644,91.0658353481981,54796277
2016-07-25 00:00:00+00:00,89.62102011871323,93.00928570059673,88.52499310133446,90.10115339175394,89252957
2016-07-26 00:00:00+00:00,90.99123077427949,93.78099114518103,89.39213251937444,91.96583780367438,68027171
2016-07-27 00:00:00+00:00,98.36385919327627,100.59951925715067,97.05261570769188,99.0783619730459,41107288
2016-07-28 00:00:00+00:00,102.1978692454077,106.00423669370036,101.28029510213115,103.03773811774687,65053515
2016-07-29 00:00:00+00:00,105.62187787452811,108.70488574322603,103.9881573739035,106.41331294510961,78938919
2016-08-01 00:00:00+00:00,102.43687887275695,105.21694645758978,101.05275666956489,102.86751453398105,55350024
2016-08-02 00:00:00+00:00,102.88523689412595,104.9131647960271,101.4313785609597,103.55310001809409,46126851
2016-08-03 00:00:00+00:00,102.3941861007195,106.03719973988021,100.34097424263076,103.10182514802732,36591315
2016-08-04 00:00:00+00:00,99.26024025577547,100.79725994501261,97.6657978612675,99.69945145810772,35895652
2016-08-05 00:00:00+00:00,100.23605395350242,102.33949023410798,98.30278760874188,100.65360042117997,46911187
2016-08-08 00:00:00+00:00,102.519723064074,106.10010412686569,101.68857446095652,103.3219107516215,49865276
2016-08-09 00:00:00+00:00,103.65195820760107,107.12042624666559,101.5964269753375,104.29636988271442,44706108
2016-08-10 00:00:00+00:00,106.4802200290144,108.69075896123964,103.82433371046324,106.74768281356766,60374609
2016-08-11 00:00:00+00:00,109.76048145550762,112.7208442341345,108.89609138184916,110.27052662589536,34741629
2016-08-12 00:00:00+00:00,109.06016060170134,112.381966412529,106.99977505601295,109.47587289332303,84795836
2016-08-15 00:00:00+00:00,114.11598718101018,116.96388250906838,112.09211479860734,114.51442261322596,69107120
2016-08-16 00:00:00+00:00,111.61385625888317,114.2778545126421,110.81609693812975,112.51866208500178,43863669
2016-08-17 00:00:00+00:00,111.73676763070901,113.86443582617922,109.56527085075217,112.11313647264218,73258178
2016-08-18 00:00:00+00:00,111.4373998091855,115.07615299326118,109.9951521894419,112.13512931328621,62842815
2016-08-19 00:00:00+00:00,110.47370290058957,113.34782090406917,108.80159286727162,111.18730925547952,86192436
2016-08-22 00:00:00+00:00,106.93725184967387,108.93989309375952,105.4352469607062,107.58470616781189,36440257
2016-08-23 00:00:00+00:00,109.56060602843343,111.74042071575388,109.24345483292086,110.38059848134769,77294112
2016-08-24 00:00:00+00:00,114.78993110023042,117.74695766015068,113.7575918005101,115.16801638817331,76067678
2016-08-25 00:00:00+00:00,116.10798274808387,118.63856050233366,114.5343175736447,116.5736422298862,46736630
2016-08-26 00:00:00+00:00,116.58625570431496,119.76088590846399,115.8412981020261,117.01009442121472,41538301
2016-08-29 00:00:00+00:00,115.66050323955331,118.85162736306293,113.73427613787283,116.23887567884613,79379868
2016-08-30 00:00:00+00:00,116.58525913359713,119.92837253566417,116.04481289538889,117.53723334958664,59518828
2016-08-31 00:00:00+00:00,118.81601262944788,121.10720689188211,117.31150037416006,119.15101505739534,89290918
2016-09-01 00:00:00+00:00,118.59068957166353,120.72720840864177,116.44731636429854,118.84625583317903,87715026
2016-09-02 00:00:00+00:00,116.51079838984803,118.91862966715307,114.73065700443254,117.48816716857212,57834552
2016-09-06 00:00:00+00:00,111.02815513750241,113.45438648754794,109.8409682593102,111.25651652618271,36959434
2016-09-07 00:00:00+00:00,110.64265148930558,113.60649902053196,110.00797761160132,111.3266990904267,78981139
2016-09-08 00:00:00+00:00,114.74736476051801,116.99379695667537,113.7459674075862,114.99467119843042,57808234
2016-09-09 00:00:00+00:00,114.70632460865394,118.25961880067675,113.19735546038984,115.29709822148357,38538558
2016-09-12 00:00:00+00:00,111.24356065512181,113.66023810487253,110.06827823645915,111.59111640925717,63562156
2016-09-13 00:00:00+00:00,108.97845165346405,112.28962522987396,106.91599495698378,109.68834246946136,76639365
2016-09-14 00:00:00+00:00,105.04941448540345,108.63426366412465,103.91721971228668,105.84041582545738,83046524
2016-09-15 00:00:00+00:00,100.57199938588994,102.72386233163289,99.33292060680475,100.81832493311549,38784756
2016-09-16 00:00:00+00:00,104.51537344536902,106.12316090233986,102.39522956468454,104.7426924608103,55282372
2016-09-19 00:00:00+00:00,104.61374347443828,107.42136665567585,103.1168006726675,105.32940047647418,47626941
2016-09-20 00:00:00+00:00,105.73032719430968,109.20539809255763,104.2501579910332,106.63796923330402,78152091
2016-09-21 00:00:00+00:00,100.38961350089498,103.64885803814221,99.15833923577085,101.27186412702112,40765741
2016-09-22 00:00:00+00:00,101.84004176327498,105.39597505758324,100.73753649085081,102.78226222531985,75806039
2016-09-23 00:00:00+00:00,104.16142918774692,106.68516084584493,101.94857860784776,104.67800156001331,77353591
2016-09-26 00:00:00+00:00,107.27553744691019,110.48190609535314,105.52644859261346,107.96036064224053,81091877
2016-09-27 00:00:00+00:00,104.71566508607835,106.76562012034131,104.47409689786045,105.48949230441258,74139316
2016-09-28 00:00:00+00:00,102.02881292683769,104.5453956474968,99.76918243623822,102.43619157055178,52637067
2016-09-29 00:00:00+00:00,105.1248662748809,108.0865425737124,103.74714688230539,105.77802019594898,87507267
2016-09-30 00:00:00+00:00,106.79791821957427,109.47812642523003,104.75290397308731,107.54085114745708,36588695
2016-10-03 00:00:00+00:00,106.71842842188171,108.96670017550933,104.70545297173689,106.94675842796376,55171114
2016-10-04 00:00:00+00:00,108.16122905342692,111.94858543585072,107.81102238321726,108.98611391735946,81690845
2016-10-05 00:00:00+00:00,113.00563089179856,116.21886653918735,111.82355896347438,113.53141827857347,70801050
2016-10-06 00:00:00+00:00,114.19553756042797,117.39819218447643,113.36695076540316,114.44903297996281,52146835
2016-10-07 00:00:00+00:00,115.1624777361146,118.80148287950219,113.67346679554646,115.92385030738834,83444905
2016-10-10 00:00:00+00:00,117.81798620701498,121.36214322181418,115.63119860546033,118.42415098513719,78473939
2016-10-11 00:00:00+00:00,119.76270490811851,122.66300625211498,119.11196694534723,120.43970403205961,86167360
2016-10-12 00:00:00+00:00,119.53166981776224,121.6521343662621,118.92618031156582,120.23653846899438,36606006
2016-10-13 00:00:00+00:00,120.27341626338895,121.78445807021423,118.69514001984227,120.60036048794022,81122361
2016-10-14 00:00:00+00:00,115.76789611717912,117.98027313145016,113.32958674527546,116.04083868681501,86757515
2016-10-17 00:00:00+00:00,112.40250358508264,115.42646974896944,110.08707052755953,112.90548325097184,77970522
2016-10-18 00:00:00+00:00,118.89446774268384,120.93161847339665,116.65802632538193,119.5585834840974,46587898
2016-10-19 00:00:00+00:00,117.57560046161008,119.42111204719117,117.07523355198228,118.1772035799182,30557998
2016-10-20 00:00:00+00:00,113.72487844692337,116.78013249664325,111.17697890260757,114.03979706415495,72848292
2016-10-21 00:00:00+00:00,117.28885046233258,118.56825476937348,116.0643964310797,117.56491154499082,75776482
2016-10-24 00:00:00+00:00,121.87836768699346,124.87598196790772,120.51577807830938,122.21238623636918,54897222
2016-10-25 00:00:00+00:00,118.25614125690717,120.48928262346469,116.5276148357098,119.08025207677427,60154799
2016-10-26 00:00:00+00:00,118.73759856886537,121.61862813708694,118.12074842163813,119.31422803032878,55633920
2016-10-27 00:00:00+00:00,118.18512775402469,120.83372503787658,116.50871653968144,118.91370819332253,34709499
2016-10-28 00:00:00+00:00,117.41170662680432,120.94506953246844,116.04788216843124,118.29252890898077,62458971
2016-10-31 00:00:00+00:00,115.34759684386592,117.86418827613777,113.75026177716715,116.33736266737554,83231964
2016-11-01 00:00:00+00:00,113.98516621882136,116.90425637892905,112.77575411789307,114.40945827590559,55403640
2016-11-02 00:00:00+00:00,112.74963194288365,115.74608608033574,111.2490328630311,113.32460498841694,55498196
2016-11-03 00:00:00+00:00,113.88729179355721,116.31172015007988,112.50603524614901,114.85659078086468,40426550
2016-11-04 00:00:00+00:00,114.29835140432941,116.80581043161538,111.73566034915993,114.53031291106136,37261484
2016-11-07 00:00:00+00:00,114.70917199836187,118.24418902067853,112.3088799413392,115.25933582508871,79548213
2016-11-08 00:00:00+00:00,115.07291528512403,118.6738320018146,114.04824923821748,115.79786555464906,54169320
2016-11-09 00:00:00+00:00,115.2419704694453,118.02188288611075,114.26031189059056,115.45860883644153,34416652
2016-11-10 00:00:00+00:00,113.07705544911286,116.00936442645207,112.36650775710612,113.9783101790023,62593735
2016-11-11 00:00:00+00:00,111.70530942962537,114.86220904104599,109.79144833018162,111.98406946471401,75244617
2016-11-14 00:00:00+00:00,110.88303135081988,114.1552078355069,110.08029033971667,111.2003315152921,44315208
2016-11-15 00:00:00+00:00,110.68339143810857,112.65881270505434,108.43505353159262,111.31039460532648,75692213
2016-11-16 00:00:00+00:00,107.34694531757803,109.30823897484068,105.00405831983834,107.87756813074067,86053090
2016-11-17 00:00:00+00:00,105.17836390873177,107.66731955804755,103.46908138416633,106.06260165754458,40957937
2016-11-18 00:00:00+00:00,108.41834549287778,110.22206016573008,107.01263149588165,108.66552526191094,52170456
2016-11-21 00:00:00+00:00,106.15201585315677,108.51620116586206,103.79928640281281,106.773259644627,64799054
2016-11-22 00:00:00+00:00,106.66809815610684,109.60660699186235,105.13802452803455,107.22897615357058,58709566
2016-11-23 00:00:00+00:00,103.46818056706844,106.33015379444699,100.9153118491459,103.81207984601083,60292669
2016-11-25 00:00:00+00:00,106.81216046580496,110.06742794781232,105.6662057230599,107.11326844909293,84727647
2016-11-28 00:00:00+00:00,109.77480138848787,113.5805826854263,107.70617316795561,110.64278606142845,38454549
2016-11-29 00:00:00+00:00,111.22802709929671,114.2504181519196,109.0043089281357,111.43574326193375,47494849
2016-11-30 00:00:00+00:00,110.95096108016563,113.89667330250174,110.15232787834137,111.90095760149505,76839440
2016-12-01 00:00:00+00:00,112.98732092965014,115.15654711904874,112.05880035091776,113.216067965675,47784844
2016-12-02 00:00:00+00:00,112.55300935665775,114.36286380838446,110.32953033779685,113.02653669297075,60888017
2016-12-05 00:00:00+00:00,110.82466505071517,112.51780993421919,109.10717466179447,111.3998691925295,77954818
2016-12-06 00:00:00+00:00,112.89053784378572,116.58086589222434,111.81348203329908,113.70898298787331,72976779
2016-12-07 00:00:00+00:00,111.21896317622354,114.61316423808017,109.13006237843736,112.04213134561385,70397522
2016-12-08 00:00:00+00:00,112.8577514481079,115.2392762736863,110.8891346564605,113.23566091692805,50161959
2016-12-09 00:00:00+00:00,116.27362398987302,117.67996145112608,114.81687761422023,116.56883430130453,58786474
2016-12-12 00:00:00+00:00,113.52488224627375,116.57359661625914,112.03117797397358,113.7320859767876,45012107
2016-12-13 00:00:00+00:00,112.77287984624823,115.72134138900903,111.58996623155686,113.51900773751784,39711662
2016-12-14 00:00:00+00:00,113.09706750611794,116.39666293727012,112.048853526306,113.70280626256589,80851160
2016-12-15 00:00:00+00:00,108.21041033920203,111.12458646865194,106.70917913389563,108.46158713149418,68313850
2016-12-16 00:00:00+00:00,106.67376773526517,108.74921208251398,104.85181938850624,107.37429345547272,75816365
2016-12-19 00:00:00+00:00,106.86403358520256,109.07674566229139,104.82089223010819,107.70371838380582,89119499
2016-12-20 00:00:00+00:00,103.78144868811403,107.50123626188832,102.05494396332759,104.62482042672177,86704817
2016-12-21 00:00:00+00:00,106.66862670837654,110.01493667162508,104.48494441652383,107.27732592815995,68774775
2016-12-22 00:00:00+00:00,111.05655584535975,114.44667392604455,109.3142574444256,111.59985315676803,69110524
2016-12-23 00:00:00+00:00,114.81389119695697,118.32358340622795,114.00705788786941,115.45022241744542,59583262
2016-12-27 00:00:00+00:00,120.48583224811121,123.41433424734358,119.65410674077883,120.81301216696968,33151787
2016-12-28 00:00:00+00:00,119.32747769630421,122.10320119617535,117.77380387771223,120.23345801523408,87683006
2016-12-29 00:00:00+00:00,122.58496987575715,126.33634384310146,120.36653486787444,123.36171995538876,69223302
2016-12-30 00:00:00+00:00,123.62665327835394,126.4585944485057,121.95642692124034,124.36330524431075,67273346
2017-01-03 00:00:00+00:00,120.88592254294939,123.24493624119833,120.02480722261043,121.42816146044375,41613740
2017-01-04 00:00:00+00:00,118.70181059394542,120.41246849639336,116.4120022399766,119.2143540656836,53550589
2017-01-05 00:00:00+00:00,117.79852857599512,121.35946364370376,115.36217412442532,118.36181211096151,34644982
2017-01-06 00:00:00+00:00,113.07715007825001,116.2924579773922,111.24256110707923,114.06313606878912,58192053
2017-01-09 00:00:00+00:00,113.76243104321364,116.23917087074923,111.28819160027949,114.156406942626,63534781
2017-01-10 00:00:00+00:00,114.04100235732389,116.05876147633587,111.59962234319508,114.38509255230863,49582220
2017-01-11 00:00:00+00:00,120.98269003471168,123.55047371938177,119.47596351765779,121.75571189368989,63955238
2017-01-12 00:00:00+00:00,121.94094085523318,124.94018615091021,121.58906741891239,122.66810533201352,58687888
2017-01-13 00:00:00+00:00,125.88704387917005,129.2562016147189,123.70955864548516,126.28460369863294,43207604
2017-01-17 00:00:00+00:00,127.11136609104148,130.79408581200917,125.19391557157378,127.83204760852244,63612396
2017-01-18 00:00:00+00:00,125.95157078141216,128.39884050217935,124.90429402371859,126.26588203948859,85774425
2017-01-19 00:00:00+00:00,123.69302037612178,126.24374629242877,122.31202404245603,123.99223244378514,31534027
2017-01-20 00:00:00+00:00,122.17671510708576,125.27949753461104,119.93547583913744,122.70949993044478,48003472
2017-01-23 00:00:00+00:00,121.03563789617681,123.52786861976638,119.18568242890122,122.02212564126425,76384301
2017-01-24 00:00:00+00:00,124.7844093972716,127.02297290113923,123.10161888529527,125.08788714316492,66908506
2017-01-25 00:00:00+00:00,127.80762161791246,131.33084988831078,127.04414436914675,128.36527031706441,46920795
2017-01-26 00:00:00+00:00,126.96342771586872,130.34177365021768,125.19582938304704,127.53498748623386,35312312
2017-01-27 00:00:00+00:00,126.07647175390133,129.72057181177095,125.1250989509562,127.06599787267507,35813193
2017-01-30 00:00:00+00:00,124.52319622515174,127.77438621496356,124.19676301165848,125.21929773746756,38453513
2017-01-31 00:00:00+00:00,124.21969391545447,126.26665779874041,123.32016518404201,124.89602381054316,75672427
2017-02-01 00:00:00+00:00,125.01399347719106,127.40790117617874,124.19750233374002,125.73808787244283,74961312
2017-02-02 00:00:00+00:00,123.62642126719778,127.46986185501842,123.11810929139368,124.50425060270712,58928037
2017-02-03 00:00:00+00:00,124.149528768256,126.15618761036475,123.20079625200117,125.0093530950775,51050182
2017-02-06 00:00:00+00:00,122.80781158000546,126.27841871460713,121.1502542509878,123.56260069383043,50546431
2017-02-07 00:00:00+00:00,126.16574936279422,128.16238547186808,124.30210022013702,127.09099273931665,47897296
2017-02-08 00:00:00+00:00,127.2378691454093,130.81533693857082,125.07534173118789,127.81537863651131,41067486
2017-02-09 00:00:00+00:00,125.64272749110035,127.62457270363355,125.51705699316446,126.53609984359719,82297254
2017-02-10 00:00:00+00:00,129.7949866806415,132.97023794992361,127.94509871464855,130.24471971701982,62203314
2017-02-13 00:00:00+00:00,125.32681668655387,127.78726040760812,123.55174123859913,126.01265833060472,59200378
2017-02-14 00:00:00+00:00,125.45159043425338,128.21610747857903,122.86713985266483,125.83537452692407,58315372
2017-02-15 00:00:00+00:00,129.61498654344794,131.3932107511536,128.40379447530788,129.86318898406466,33285223
2017-02-16 00:00:00+00:00,132.59253404691088,134.29176214480933,131.9920611028452,133.1198103897566,72153358
2017-02-17 00:00:00+00:00,135.00029043511324,138.17227294897745,133.46304784843835,135.2843965217585,48922128
2017-02-21 00:00:00+00:00,134.54723007639245,137.14321374239475,133.78091366703853,135.34261711141528,61459828
2017-02-22 00:00:00+00:00,137.1114216126586,141.07313050862686,136.41969559022687,138.08564581364675,32354810
2017-02-23 00:00:00+00:00,139.33668768401492,142.43024794828332,139.00234694382465,140.09058606393478,66409332
2017-02-24 00:00:00+00:00,142.21227405331393,145.0925108780347,140.69774537262546,142.98946173295803,54174720
2017-02-27 00:00:00+00:00,140.13381719033774,142.35697801917007,138.52894880163308,140.57571375796866,59820319
2017-02-28 00:00:00+00:00,143.2361148101285,145.9383392710529,141.4233306381717,143.55613793377836,76495455
2017-03-01 00:00:00+00:00,140.95658191091715,143.829011162137,138.49484610067054,141.41058391263587,43305706
2017-03-02 00:00:00+00:00,138.04302907252443,139.73902870245408,136.3091915326377,138.3331041773807,47007840
2017-03-03 00:00:00+00:00,137.4821671931623,140.2483301201271,137.21969658156314,138.46091340458278,86477313
2017-03-06 00:00:00+00:00,138.19294699547802,141.3142505454386,135.76181689891206,138.43063647889568,78122879
2017-03-07 00:00:00+00:00,140.8614664427868,143.71130667422966,139.72525215691428,141.8119990015421,70005244
2017-03-08 00:00:00+00:00,140.65002076863132,143.17947115827224,139.69529112521195,141.4263540316624,45395385
2017-03-09 00:00:00+00:00,141.61402543142745,144.47144445993916,140.13383504931807,142.38884334471913,46529215
2017-03-10 00:00:00+00:00,139.3906278009357,142.54930851795015,137.51419720053107,139.9904082100342,89436066
2017-03-13 00:00:00+00:00,136.28420385696785,138.9876803082218,134.06040744839748,137.03202983905058,59819760
2017-03-14 00:00:00+00:00,135.71373917604802,138.21507523481108,134.84721297011788,136.26532685101026,63660990
2017-03-15 00:00:00+00:00,137.45472622023928,140.75131518772895,136.78442591425724,137.888667791943,69790422
2017-03-16 00:00:00+00:00,144.20685012655133,146.3520354040356,143.5653122456634,144.58783685091797,77921256
2017-03-17 00:00:00+00:00,141.42248831216747,143.29708515032794,140.64325501575797,142.0764037323723,60901569
2017-03-20 00:00:00+00:00,146.18910738499238,148.8733675286224,145.7725519226945,146.79255425712935,86809016
2017-03-21 00:00:00+00:00,145.46788229513717,147.37976947345558,145.11421180630745,146.22406311981572,60519847
2017-03-22 00:00:00+00:00,149.70427938402804,152.67293137759972,148.7724576520118,149.95224835908564,84594906
2017-03-23 00:00:00+00:00,145.78268489852618,148.3174725051263,145.19020488438198,146.38500234548852,84548696
2017-03-24 00:00:00+00:00,146.63078474961685,148.48835870788298,145.76597115860804,147.19658325927747,32023634
2017-03-27 00:00:00+00:00,146.85418419159592,149.0863323032082,145.65249200642373,147.74829595340302,78655627
2017-03-28 00:00:00+00:00,146.34810060973152,148.2187247201549,143.93888595689174,146.76703012600677,68965513
2017-03-29 00:00:00+00:00,145.255254011913,148.91938555025894,144.0770817335701,146.22668351817765,47865897
2017-03-30 00:00:00+00:00,145.5742193480647,148.60694078746562,144.5392266727408,146.37427387817036,37526089
2017-03-31 00:00:00+00:00,146.54207397189177,149.0840388755222,145.81129732833477,146.85007954768693,89452182
2017-04-03 00:00:00+00:00,141.93590494845733,144.06464812880532,139.85679915451104,142.2282106296262,38015093
2017-04-04 00:00:00+00:00,138.71314723038643,141.99653002758947,137.55989231191032,139.21157198121304,77772517
2017-04-05 00:00:00+00:00,136.3373722223195,138.53637716506805,134.29358049948468,137.13486558837894,69583077
2017-04-06 00:00:00+00:00,129.65116726937833,131.6922798413953,127.43364208266428,130.3249491390548,43462454
2017-04-07 00:00:00+00:00,126.46808883776934,128.87317164730257,125.94353974981213,127.01001650744804,70014012
2017-04-10 00:00:00+00:00,128.2353200015902,131.48482934350693,126.77567145477077,129.02461142777477,55004323
2017-04-11 00:00:00+00:00,129.67863333681612,131.9105478537681,127.2357365032167,129.94625772281495,86267332
2017-04-12 00:00:00+00:00,127.43748660830909,128.83213564317123,125.69689350802815,127.75708096074237,40870317
2017-04-13 00:00:00+00:00,130.02990711652546,132.2567953642141,128.044559175666,130.26019292944937,78872356
2017-04-17 00:00:00+00:00,129.88935007654774,133.26864430475857,128.51060973606874,130.38941423911632,62750633
2017-04-18 00:00:00+00:00,127.90677200847135,130.2213171117148,126.36391477449212,128.1763534425233,87953241
2017-04-19 00:00:00+00:00,129.59069437032662,132.52848511479556,127.00848937336798,129.89203465007648,47494669
2017-04-20 00:00:00+00:00,132.4050075402733,135.13169495732117,132.3500885824779,133.3905319873987,66251292
2017-04-21 00:00:00+00:00,131.977236883379,135.1072523137657,131.24619356050658,132.64865849425527,54687882
2017-04-24 00:00:00+00:00,134.34980671349032,137.46183500078968,131.99270795263052,134.6448917742571,35576895
2017-04-25 00:00:00+00:00,134.65134411823257,137.21847493941803,133.17061268941873,135.52696852985864,70484265
2017-04-26 00:00:00+00:00,135.92787243024307,137.59748698211334,134.9524195576331,136.4913833111429,49549609
2017-04-27 00:00:00+00:00,132.82467103383735,136.42646140679688,132.25838203369747,133.48910496574632,60333195
2017-04-28 00:00:00+00:00,129.80073158759612,132.19876581986574,129.16324176481334,130.20171381413596,72366469
2017-05-01 00:00:00+00:00,127.09318402583774,128.57009103612822,126.03285703866278,127.54305852778818,43944939
2017-05-02 00:00:00+00:00,128.17902306466533,130.15546548451252,126.34663318391983,128.4762823692076,31772908
2017-05-03 00:00:00+00:00,127.72664528377517,131.05471046031863,125.64431427611794,128.45496142315,76602366
2017-05-04 00:00:00+00:00,127.5703377508394,130.6962457614021,126.55260907426566,128.1332528007633,35003658
2017-05-05 00:00:00+00:00,130.71547125085831,133.90602481202575,130.47123281613239,131.52081081904504,34760708
2017-05-08 00:00:00+00:00,134.68687720392256,138.46555292421542,134.25399329199038,135.51251878971672,70580300
2017-05-09 00:00:00+00:00,130.37796004951346,133.73202559042895,129.51659869526543,130.9261888681174,75050907
2017-05-10 00:00:00+00:00,124.80703382206298,127.81369273444508,124.45447012391918,125.70141091254179,51686689
2017-05-11 00:00:00+00:00,124.46291974538683,125.7461233012023,122.79169291396101,124.68451154127462,81057377
2017-05-12 00:00:00+00:00,125.63693048925647,128.74807823919903,123.52474313456833,125.93527728013414,38076259
2017-05-15 00:00:00+00:00,126.87106188419783,128.687341963782,126.28032424770811,127.53743774033246,77537939
2017-05-16 00:00:00+00:00,126.80870708373065,128.34457983355836,124.8347674346851,127.01065494044323,70332054
2017-05-17 00:00:00+00:00,121.29474420660536,122.86364167576666,119.93974075732159,121.82056686134214,80349404
2017-05-18 00:00:00+00:00,126.43256101436882,127.81076509531944,123.9349786046678,126.70090875519715,72153543
2017-05-19 00:00:00+00:00,124.62157898071274,126.58709166585152,122.2371038282372,125.10626179580719,55688432
2017-05-22 00:00:00+00:00,125.8708889742546,127.5454976407296,123.46826837418824,126.15163974440132,70710143
2017-05-23 00:00:00+00:00,125.59536023345515,127.86094054575699,124.14236593594856,126.35387716155623,84204080
2017-05-24 00:00:00+00:00,125.0223483482936,128.40268664849611,123.79824014865682,125.6735317598242,56871613
2017-05-25 00:00:00+00:00,127.78115328757416,131.30993268170948,126.80664569078722,128.62265326495918,75255859
2017-05-26 00:00:00+00:00,131.2542704218026,134.40887457521086,129.23767926760192,131.9477767988981,84745251
2017-05-30 00:00:00+00:00,127.92331793875339,130.4412721410316,126.86498005810147,128.66336938893545,45032970
2017-05-31 00:00:00+00:00,121.54211043572568,125.06224156737487,120.4202194527909,122.34771913077938,36062877
2017-06-01 00:00:00+00:00,120.38585545786744,123.63391452630938,119.41061967406164,120.84223428323675,35203553
2017-06-02 00:00:00+00:00,121.20184694670303,124.26947373791785,119.15561090099673,121.85249092823182,44434984
2017-06-05 00:00:00+00:00,122.46323389161732,123.79589143684153,121.0745456449043,122.69892804239272,40144271
2017-06-06 00:00:00+00:00,123.18536661747049,125.03660506070605,122.31390070172576,123.7458577507875,40727925
2017-06-07 00:00:00+00:00,126.15308266657254,128.222348048442,124.44268056596617,126.73180247111675,86466098
2017-06-08 00:00:00+00:00,128.66142098052043,131.86617122086577,128.1338980950895,129.4458964512113,89307235
2017-06-09 00:00:00+00:00,127.94107681166574,130.34389914393302,127.35409975870525,128.48996243163586,86439847
2017-06-12 00:00:00+00:00,124.5095091842943,127.27991751479814,124.15138842345327,125.15705205038216,88479769
2017-06-13 00:00:00+00:00,123.07767481854789,124.48781785080027,121.98690925164142,123.38708282281104,69728555
2017-06-14 00:00:00+00:00,126.25160674569518,128.21558600317866,124.69573539077729,126.52464597151312,62119833
2017-06-15 00:00:00+00:00,124.56496627000863,126.39455351439939,122.94939246353339,124.88708230786828,55104467
2017-06-16 00:00:00+00:00,127.6767729061979,129.1246791610729,125.31542737390433,127.89402020989792,51923482
2017-06-19 00:00:00+00:00,128.93612976945488,132.60466972691484,128.25290836572677,129.7413105430197,80081782
2017-06-20 00:00:00+00:00,134.53723741409243,137.36866284165856,132.62774718510184,135.33166920227345,56069327
2017-06-21 00:00:00+00:00,135.1700646013124,137.3557485296645,133.43438701828322,135.4545136999,46968622
2017-06-22 00:00:00+00:00,128.92938063375757,131.82594120923724,128.3944178184131,129.7614440910361,66934336
2017-06-23 00:00:00+00:00,134.20199309763007,136.4933835903131,132.72321657607344,134.96299326177595,57114719
2017-06-26 00:00:00+00:00,134.53166748078212,137.8256010345495,133.24713757790752,135.1971641327014,76352122
2017-06-27 00:00:00+00:00,134.61114959474435,137.33460118635034,132.97410036502862,135.03511162822207,69571327
2017-06-28 00:00:00+00:00,138.52509639329318,141.7761547648113,136.74542850541945,138.78305023755968,35253339
2017-06-29 00:00:00+00:00,137.78326103690833,140.6121153456253,136.83134555601765,138.059812034848,54976098
2017-06-30 00:00:00+00:00,134.7343218318923,137.44604390669286,133.49350810640942,135.52744253443313,67084330
2017-07-03 00:00:00+00:00,134.0429753184485,137.62120996713205,133.25089813791362,134.79453150256808,46751283
2017-07-05 00:00:00+00:00,135.68840097769842,137.94329596255042,134.75984244524767,136.39720727928471,48450742
2017-07-06 00:00:00+00:00,134.83572238415738,137.8416997447452,134.04131146053328,135.56420900069725,75360592
2017-07-07 00:00:00+00:00,139.3689707445045,143.06140596156692,138.78103709423405,140.2798450024125,30208575
2017-07-10 00:00:00+00:00,137.544495626491,140.25592421232508,135.2369858773596,137.99498136295014,39582251
2017-07-11 00:00:00+00:00,135.54655946429733,138.84259186381243,135.18489628105294,136.18598375000246,51682340
2017-07-12 00:00:00+00:00,132.42408992732925,135.5060999626666,130.4799058110517,132.87894608766993,53017607
2017-07-13 00:00:00+00:00,137.30564594379518,139.7616257996389,135.65941476215136,137.82946903561879,34014978
2017-07-14 00:00:00+00:00,141.86752203773023,143.90887861260634,141.18365685853297,142.32248547869034,51307394
2017-07-17 00:00:00+00:00,140.98162074981727,144.57717844771807,140.65117035423438,141.71485806345723,59953498
2017-07-18 00:00:00+00:00,138.84815065722958,140.95322350508013,137.3759844720394,139.63782406937062,36968442
2017-07-19 00:00:00+00:00,134.68498312470757,137.05653405913074,134.12332063325582,135.3059563114134,76382825
2017-07-20 00:00:00+00:00,138.44614986774943,142.08506107093018,138.06302296115285,139.09203118735334,70246625
2017-07-21 00:00:00+00:00,139.88592134175155,143.30936291947168,139.29102695367305,140.81210889431006,33345366
2017-07-24 00:00:00+00:00,142.2916171989846,144.95390941223687,140.8430253343119,142.57777152162896,35575805
2017-07-25 00:00:00+00:00,140.8320298429053,144.05501554334592,140.122684754641,141.77886012825095,73683237
2017-07-26 00:00:00+00:00,144.57832675800623,146.3473407048744,142.93360898769575,144.9657661994721,31216934
2017-07-27 00:00:00+00:00,144.81412600394555,148.02937975400286,142.6052712251275,145.17733501961,43656450
2017-07-28 00:00:00+00:00,141.3965771084918,144.26632187000357,140.59817694210906,142.32021002260055,88591553
2017-07-31 00:00:00+00:00,139.38078569012112,142.73846978140025,137.97224110323026,140.17611533868353,61633763
2017-08-01 00:00:00+00:00,140.13314267158913,142.64078044961036,139.83280605262743,140.98497326910694,38838076
2017-08-02 00:00:00+00:00,137.43248184393968,140.01516737230259,134.75428744005734,137.68034645131095,34120704
2017-08-03 00:00:00+00:00,138.85438357209705,140.56053084486052,137.97049650003294,139.15182479384384,36460827
2017-08-04 00:00:00+00:00,136.35201306522015,138.23159280966783,134.9736137747576,136.90506323272086,54342078
2017-08-07 00:00:00+00:00,135.28592106616665,138.1315942247033,134.02605687240882,135.84404347101173,46144086
2017-08-08 00:00:00+00:00,134.22759701054693,136.38301398785788,133.06813370099505,134.6338461518216,61980267
2017-08-09 00:00:00+00:00,133.13433576410347,136.51057152845374,131.62263028792162,133.94517283580547,39493492
2017-08-10 00:00:00+00:00,134.9165276861947,137.4316974847662,134.23940861636478,135.39928079815806,74183564
2017-08-11 00:00:00+00:00,131.66286475476005,134.35923248936783,130.16349918209275,132.19417126369947,52480344
2017-08-14 00:00:00+00:00,129.98844410820107,132.76696046382207,128.61057219044378,130.6393689827316,45335840
2017-08-15 00:00:00+00:00,126.60346540880171,129.4563152745662,126.2487872617925,127.27881964385875,87871098
2017-08-16 00:00:00+00:00,125.49970235524673,128.61782140863434,123.93643902544258,126.10431877112771,86333330
2017-08-17 00:00:00+00:00,123.15245438118109,125.60635170025718,121.56396817851537,123.69245223038523,42872746
2017-08-18 00:00:00+00:00,123.3471676409673,125.72414749388635,122.75961618902971,124.1673813880272,41125332
2017-08-21 00:00:00+00:00,124.77228403135001,128.03936724177476,122.58080505815227,125.425236155603,40304600
2017-08-22 00:00:00+00:00,129.5111904316207,132.5368624897608,129.16063302504193,130.41478855077824,58303552
2017-08-23 00:00:00+00:00,128.55856400376462,131.13908500133866,127.99665922850774,129.33404043190055,89872894
2017-08-24 00:00:00+00:00,132.20386908277376,133.91421584752396,130.10168278208513,132.82913184031779,85341252
2017-08-25 00:00:00+00:00,130.7810831380249,133.20454516028562,129.90178753074576,131.5763557922878,42127950
2017-08-28 00:00:00+00:00,129.5392915311106,132.32375782567118,127.12530023668042,129.99633084093986,52600063
2017-08-29 00:00:00+00:00,130.90822685769297,132.7325567423884,130.03682934690647,131.70459497448297,42733852
2017-08-30 00:00:00+00:00,134.05805627331247,135.98753908350542,132.3784387494376,134.39247894914618,77172339
2017-08-31 00:00:00+00:00,136.4484150778523,140.0817409533912,134.44470555188553,137.27191834038786,35280424
2017-09-01 00:00:00+00:00,138.43019600622276,140.25274169090451,136.05225390882134,138.70027793237946,38458482
2017-09-05 00:00:00+00:00,139.01141523823802,141.33323365859215,136.30106025309166,139.21182490183028,34941038
2017-09-06 00:00:00+00:00,143.57349309308879,146.51707447436544,140.86119578411333,143.78716139769116,76167555
2017-09-07 00:00:00+00:00,142.12404727844287,144.4435226458115,141.49722292116985,142.70469437890705,37404859
2017-09-08 00:00:00+00:00,140.01993158343737,143.04484111070664,139.05243279809326,140.6877794466521,80729874
2017-09-11 00:00:00+00:00,138.68647013700178,141.33007110174802,137.0951354746601,139.21588770930973,68399949
2017-09-12 00:00:00+00:00,135.3353552760099,137.74969815386123,133.6857427842641,136.0951013249833,33778578
2017-09-13 00:00:00+00:00,133.65555410950134,136.13009468411698,131.55313253498377,134.52212458073586,84604035
2017-09-14 00:00:00+00:00,138.044591304928,140.77625329444524,136.81349558956177,138.65068543414688,57837763
2017-09-15 00:00:00+00:00,133.72596355345243,136.17132282132206,132.53244461564577,134.70574048916546,74359113
2017-09-18 00:00:00+00:00,138.54530420960714,140.65167969178358,136.850067837312,139.24004438539004,42215890
2017-09-19 00:00:00+00:00,134.8132890416276,137.85379045608738,133.68446866920186,135.47468433867795,40133583
2017-09-20 00:00:00+00:00,138.09102247374895,140.00404002299442,135.4620664286573,138.29600040019767,74271605
2017-09-21 00:00:00+00:00,130.77315006446358,133.660995803392,129.38703059656925,131.5529018503989,84929256
2017-09-22 00:00:00+00:00,135.25088425337003,137.79810002491442,134.1476070142546,136.0742094677089,68848239
2017-09-25 00:00:00+00:00,133.63554913091764,136.41302140752137,132.20548665696973,134.4691693091613,69918543
2017-09-26 00:00:00+00:00,134.69797087101566,137.68900696574033,132.32164565210607,135.09648534005194,34509536
2017-09-27 00:00:00+00:00,134.04398289869636,136.4930465745628,133.34549638969017,135.02937014101886,57010565
2017-09-28 00:00:00+00:00,133.5169520318335,136.65786783659678,131.57227225485798,134.30270973281472,54948836
2017-09-29 00:00:00+00:00,137.4297733927001,139.74796628885048,136.26836952996322,138.3220651571974,76290857
2017-10-02 00:00:00+00:00,140.41314357796554,143.55370243540654,139.49269162533625,141.14937105976188,39897430
2017-10-03 00:00:00+00:00,140.18580414802074,144.13401749714671,138.57065084922,141.14708403958258,47420225
2017-10-04 00:00:00+00:00,142.24715124229397,143.55822088058042,139.69813104236727,142.47595801620417,37942847
2017-10-05 00:00:00+00:00,144.17780776229174,147.2262934163515,143.61183703515516,145.00219171387562,73528804
2017-10-06 00:00:00+00:00,143.55124466430402,146.7709362961466,141.4786104262925,144.38610396507548,35817953
2017-10-09 00:00:00+00:00,146.36308219148515,148.08645639858366,145.018527736655,146.69048937394953,64743990
2017-10-10 00:00:00+00:00,149.08183954269364,151.44043604653007,146.90405029136576,149.49903096351187,63161916
2017-10-11 00:00:00+00:00,147.441633472027,149.81748735746922,145.9940271719366,148.14892989924934,73885888
2017-10-12 00:00:00+00:00,144.47018802053364,148.05122945495253,143.08219413641544,145.39629726398655,67898242
2017-10-13 00:00:00+00:00,145.6607463641185,147.82130429485164,144.10256544665774,146.3944870669844,52275553
2017-10-16 00:00:00+00:00,143.53654183786077,147.07674240326583,142.12170531532243,144.30183575301393,83677684
2017-10-17 00:00:00+00:00,144.55958341695978,148.51173317271414,144.2126112719934,145.53377252095189,32351894
2017-10-18 00:00:00+00:00,144.71193002562893,147.81888607264514,143.95793900768743,144.9826905200792,62198819
2017-10-19 00:00:00+00:00,147.43492687545452,148.9738806440062,146.1872746663169,147.66902318033453,70348933
2017-10-20 00:00:00+00:00,149.88038367857914,152.7108904799177,147.88556163489088,150.1113126642991,34325499
2017-10-23 00:00:00+00:00,154.99126181581525,156.7272114046807,154.50942205044356,155.55819553375088,52548492
2017-10-24 00:00:00+00:00,158.0638772174928,159.88972796303761,156.05414253992708,158.86643401784508,87141651
2017-10-25 00:00:00+00:00,159.60176783803078,162.35618979002538,158.6158750090953,160.35884606313533,81488248
2017-10-26 00:00:00+00:00,158.73810914040016,160.62041759760783,156.45013307203865,158.97752472293104,48667117
2017-10-27 00:00:00+00:00,155.77569893752823,158.780314636082,153.79149964527093,156.5781495008887,83969814
2017-10-30 00:00:00+00:00,157.67814385836422,160.66681697753535,156.3267747129488,158.0640453181439,37005758
2017-10-31 00:00:00+00:00,160.68466363977012,162.9683305899223,158.5674575940382,161.5373122429766,37407958
2017-11-01 00:00:00+00:00,162.97274211552684,165.52307749693495,161.83499929056194,163.927544489714,50095399
2017-11-02 00:00:00+00:00,163.52852058346528,166.47541559123954,162.33062261849807,163.75257943454903,72618928
2017-11-03 00:00:00+00:00,162.24469166310726,164.05100927980234,160.24210065954873,162.50823539520692,83608218
2017-11-06 00:00:00+00:00,164.94290795338333,167.78705314855563,162.57718382543732,165.57702101297286,72340390
2017-11-07 00:00:00+00:00,165.68740883154408,168.18256851680647,163.61969533025936,166.3788534482591,84923961
2017-11-08 00:00:00+00:00,161.5440309688317,163.6664394941321,160.37138683798847,162.05800590324634,78236103
2017-11-09 00:00:00+00:00,165.27328906365173,167.30261079737392,165.02113000764845,166.0891517550453,80823354
2017-11-10 00:00:00+00:00,159.96641210881344,163.28885589022119,158.13104195964507,160.6736309317173,37977276
2017-11-13 00:00:00+00:00,157.98318278890653,161.71493473616655,155.93210588680824,158.87421343381803,48352202
2017-11-14 00:00:00+00:00,157.42276454959455,159.90631080796774,156.17292515892905,158.00692859099127,58340071
2017-11-15 00:00:00+00:00,159.31671437610487,162.13581510040058,157.23663353591255,159.68139319490876,45930384
2017-11-16 00:00:00+00:00,157.70210413936007,159.8349351221675,156.19271842880147,158.4787253461469,68050611
2017-11-17 00:00:00+00:00,156.37835573911474,158.72122563435744,154.45119699774887,156.8965609489445,76987425
2017-11-20 00:00:00+00:00,156.3940570757362,159.85053475609124,155.7203379922364,156.9696688949801,73004942
2017-11-21 00:00:00+00:00,159.49490088559418,162.66579662639305,157.20302132777238,159.99792073342044,87998135
2017-11-22 00:00:00+00:00,159.03261359969045,161.11440532369548,158.19006779263918,159.31419188044177,57384316
2017-11-24 00:00:00+00:00,164.09717746944077,165.77565573773003,163.08873379782847,164.7676177486365,38075963
2017-11-27 00:00:00+00:00,164.88020916835353,167.84472355823064,164.32968458320104,165.59858028350112,60130975
2017-11-28 00:00:00+00:00,163.76888630350578,166.35413268017564,162.88941180193342,164.50364079444432,81519191
2017-11-29 00:00:00+00:00,163.235761138358,166.2218163947375,160.7513977896374,163.58473566542116,38452851
2017-11-30 00:00:00+00:00,161.21323038475762,164.61359452521572,160.11423499374357,162.06737641637886,71674181
2017-12-01 00:00:00+00:00,163.46649877156597,165.79260303674602,162.08468578739092,163.88848200248447,40302781
2017-12-04 00:00:00+00:00,162.327413647506,165.31410951548003,160.44909316010273,163.31518606450823,34584774
2017-12-05 00:00:00+00:00,162.34056246278863,164.98481720759222,160.16735293138333,163.05851354211657,47957459
2017-12-06 00:00:00+00:00,161.3075907122892,163.722963001003,159.44623476269228,161.62226020516147,58039671
2017-12-07 00:00:00+00:00,165.52735207977912,169.1804445784385,164.17816447170597,166.33137024364945,34392614
2017-12-08 00:00:00+00:00,160.8057239264474,164.2373638067903,160.39841617378218,161.70249912730088,54835566
2017-12-11 00:00:00+00:00,160.03686700386348,162.14532430869193,159.10393988095205,161.00737743777432,32338817
2017-12-12 00:00:00+00:00,161.60643447678228,163.92686913241417,160.7044818761016,162.13167892206272,68995410
2017-12-13 00:00:00+00:00,162.2112408093252,164.11543702780256,161.27779461959233,163.08616993474863,37006595
2017-12-14 00:00:00+00:00,162.9842887522438,164.4357615688177,161.8253358758208,163.33969381316214,46378612
2017-12-15 00:00:00+00:00,165.15361343999834,166.81198361581448,163.84287395683867,165.38518940698668,68320884
2017-12-18 00:00:00+00:00,165.93741904681042,168.65474069840656,164.96116157388767,166.17007250752792,66651672
2017-12-19 00:00:00+00:00,165.46858037416217,167.67342275045604,164.0842689711942,165.82032585865818,62668881
2017-12-20 00:00:00+00:00,163.12609386480815,164.47022732916756,160.69190202027954,163.3708352465181,59807517
2017-12-21 00:00:00+00:00,163.38545003375157,166.1148797457658,161.95423058274258,164.36842269623622,86695534
2017-12-22 00:00:00+00:00,161.31422086676469,164.53689341807163,159.25232190496894,161.78096372294192,30869109
2017-12-26 00:00:00+00:00,156.39777966356348,159.38838131781674,155.46960075576106,156.85956790827328,30543583
2017-12-27 00:00:00+00:00,158.47022207707695,160.46289139182622,156.43401255823835,159.42855094134202,74296010
2017-12-28 00:00:00+00:00,158.58183360343446,160.49390401904415,156.79384418549236,158.91477800650785,37546283
2017-12-29 00:00:00+00:00,157.5758126627973,159.72360502166316,156.72657602814124,157.84091948529027,63604641
2018-01-02 00:00:00+00:00,157.0548401949587,159.31785780718056,154.9204509246413,157.49858880052867,84107353
2018-01-03 00:00:00+00:00,156.95941267209346,159.08522007717204,156.1933298659384,157.30194527325023,59348234
2018-01-04 00:00:00+00:00,155.78704148511903,159.35152052636073,155.54710285131847,156.64863447756593,37311178
2018-01-05 00:00:00+00:00,155.50077007588635,157.83253699996888,154.39107186276883,156.3353607927087,74480152
2018-01-08 00:00:00+00:00,156.88347957022103,159.5632231809809,155.98564249464974,157.0930167668307,84440560
2018-01-09 00:00:00+00:00,156.70788434919675,158.49523376740507,155.83006399503728,156.91444766221383,84998341
2018-01-10 00:00:00+00:00,157.4475305109386,160.28363078936553,156.7354695257767,158.39908023371999,34537888
2018-01-11 00:00:00+00:00,164.43642014342709,167.48217626230283,162.80884931809211,164.80753525904862,50063507
2018-01-12 00:00:00+00:00,166.88667768722223,170.25783136479978,164.80267107076304,167.4551824657385,82287305
2018-01-16 00:00:00+00:00,167.90185655235953,169.9218309529944,166.63640797293874,168.81617130502715,78697399
2018-01-17 00:00:00+00:00,168.8507605196068,170.94189733128326,166.82801483995823,169.244812307472,30171284
2018-01-18 00:00:00+00:00,169.88728766213373,172.96788176866832,167.48478698361419,170.36152205328682,75560922
2018-01-19 00:00:00+00:00,171.8372649135016,174.62191513047307,170.28937885852832,172.53540549242055,38502836
2018-01-22 00:00:00+00:00,173.2334879403734,175.69843897499328,172.26759214631159,173.8391615815831,43900310
2018-01-23 00:00:00+00:00,176.24939555367268,179.39308737549277,174.48850889280453,176.97638261127432,34139302
2018-01-24 00:00:00+00:00,179.58869968110858,181.6455411659278,178.82985357988102,179.8710103830563,52271778
2018-01-25 00:00:00+00:00,178.74770721661184,181.33427749065427,176.98684270184773,179.54812308089024,38533113
2018-01-26 00:00:00+00:00,178.0572227151498,180.45069759606758,176.25545005453148,178.53633288126096,75332564
2018-01-29 00:00:00+00:00,179.1972249056487,181.5401044456187,178.17612619148275,179.94640884720909,40988906
2018-01-30 00:00:00+00:00,183.72267616720265,186.36152556509467,181.75944700343044,184.3178233254217,60038790
2018-01-31 00:00:00+00:00,181.41536031955403,182.92618690331682,179.179469173343,181.7779074101153,87138600
2018-02-01 00:00:00+00:00,182.16923379065886,184.21480935089278,181.14779596000707,183.07497364362615,34798644
2018-02-02 00:00:00+00:00,182.6550208387269,184.3103986493227,181.00340542625096,183.10373315455783,68846901
2018-02-05 00:00:00+00:00,182.30199991843443,185.69402637076584,181.39158996537654,182.89077721293611,85804493
2018-02-06 00:00:00+00:00,181.5645857049821,185.3267250653052,180.96130927425546,182.4962456943264,43798086
2018-02-07 00:00:00+00:00,186.00249810468415,189.15089681117612,185.09396116662845,186.57708061709963,71485421
2018-02-08 00:00:00+00:00,189.18975806020316,190.94380748045413,187.53545901841724,189.43706308451254,65865603
2018-02-09 00:00:00+00:00,189.19409821622546,192.27346964291633,187.14761626203438,189.99227882847174,39619298
2018-02-12 00:00:00+00:00,188.15040747797332,191.45353834654958,186.18868269870134,188.8767402763761,55257102
2018-02-13 00:00:00+00:00,191.11655448713915,193.25326530605892,189.25686981021195,191.3598106697457,62164987
2018-02-14 00:00:00+00:00,191.84693511778437,194.99240005214054,189.50980665201726,192.42242473460868,82443022
2018-02-15 00:00:00+00:00,191.25224837876812,193.0293741845205,190.23542044450295,191.50994235812075,87416726
2018-02-16 00:00:00+00:00,189.80249169370572,193.34416792800837,188.36464303618192,190.64465985903385,64557064
2018-02-20 00:00:00+00:00,191.01267140775892,192.6406550656421,188.83153097919643,191.46937480543323,31504285
2018-02-21 00:00:00+00:00,186.93176481549537,189.0694273711439,184.81850053651897,187.48071467300431,82763407
2018-02-22 00:00:00+00:00,186.98427493844767,189.82630954448817,184.89343360823923,187.26786549822995,36765921
2018-02-23 00:00:00+00:00,186.12283554962906,189.45344773463987,185.69405139544207,186.72587240044885,81851310
2018-02-26 00:00:00+00:00,184.8417664506495,187.5341294620375,184.2894019983286,185.46967582277927,60575700
2018-02-27 00:00:00+00:00,186.38230062073805,188.45942860292305,185.77576667517806,187.378514789991,89044636
2018-02-28 00:00:00+00:00,185.25603924037281,187.056332285046,183.89647594190143,185.63434664069402,63579880
2018-03-01 00:00:00+00:00,186.1447852833517,187.46527435095658,183.4964206892078,186.38349082691335,35763662
2018-03-02 00:00:00+00:00,184.98127483797265,186.57177404660504,183.60200515925368,185.5670253716252,38987528
2018-03-05 00:00:00+00:00,184.33984112397232,187.4997502837237,182.69360256030328,184.73905896054544,47538065
2018-03-06 00:00:00+00:00,183.4025550432652,185.63212327272703,180.99145995030554,183.66622005830672,31660303
2018-03-07 00:00:00+00:00,190.27049377121867,193.27268882809912,188.74075322216999,190.97740717020986,38038121
2018-03-08 00:00:00+00:00,190.66918402085707,193.7847326084897,188.71871907363018,191.3846184808269,48372592
2018-03-09 00:00:00+00:00,188.9407461460699,191.92520866410476,187.304026145218,189.45708947046998,37752584
2018-03-12 00:00:00+00:00,184.89117564482314,187.93960024100343,184.19176628568422,185.58914116943868,34180513
2018-03-13 00:00:00+00:00,181.6318989016693,184.16841824696266,181.01734685940954,182.04077231154264,76087352
2018-03-14 00:00:00+00:00,179.14223610220606,180.85397897577633,178.42413103923838,179.72105105281926,47317244
2018-03-15 00:00:00+00:00,178.05659158023377,180.40729559640715,176.95669717505763,178.66296687326215,34446834
2018-03-16 00:00:00+00:00,177.67133870717691,179.56688433385165,175.73611002546292,178.31206659403145,52204794
2018-03-19 00:00:00+00:00,180.64784946806887,183.81696086230426,179.71624475780683,181.09394852318727,53416508
2018-03-20 00:00:00+00:00,179.70254288124895,181.62956459410333,177.36823171933398,180.0412373509108,72292076
2018-03-21 00:00:00+00:00,180.53890856244158,183.87232258001836,179.93434829718902,181.13294128626313,34632381
2018-03-22 00:00:00+00:00,180.60496150656076,182.94947395073734,179.75868183251544,181.20669291005353,82723556
2018-03-23 00:00:00+00:00,182.41551546536687,185.58865849987342,180.03917180067063,182.87432327404306,86784057
2018-03-26 00:00:00+00:00,183.8872269110447,187.27451317918846,181.58485335881883,184.2906630885258,30378276
2018-03-27 00:00:00+00:00,183.87149808283365,186.55944170078564,183.20139481040945,184.5185109637824,51521774
2018-03-28 00:00:00+00:00,183.93147883695866,186.34734687235783,182.35806970610852,184.4138125030859,79168575
2018-03-29 00:00:00+00:00,188.99581338374472,191.17564957094447,187.03373375047812,189.48371452706638,38985891
2018-04-02 00:00:00+00:00,189.59852900349264,191.8135693084629,187.5041955876419,189.90430503377127,74577913
2018-04-03 00:00:00+00:00,186.50206189621127,189.80993089009348,186.05355601272345,187.19458745987916,72997389
2018-04-04 00:00:00+00:00,184.97414665182333,188.35456097188276,184.68275356998205,185.88718634442793,85995163
2018-04-05 00:00:00+00:00,181.16439885746678,184.1852581168192,180.26382918675412,181.85050533632477,87563437
2018-04-06 00:00:00+00:00,179.73097555770013,182.4796108150085,177.91461636371798,180.37820120016013,38136252
2018-04-09 00:00:00+00:00,176.15569984478867,178.34763473488283,174.26644573858025,176.85302161121473,63801555
2018-04-10 00:00:00+00:00,178.59031979379517,180.71577221271912,177.1793813192122,179.5691345390205,56300355
2018-04-11 00:00:00+00:00,184.77088092730884,186.58227114868544,184.04207248260414,185.32634357894474,35630948
2018-04-12 00:00:00+00:00,185.5441435425307,188.24598348865587,183.77345505074382,186.16858845777531,85006175
2018-04-13 00:00:00+00:00,183.74626728949892,186.82503426041228,181.86921045619064,184.40589795799667,56013743
2018-04-16 00:00:00+00:00,182.43736602678757,184.35579924824972,180.87999320659964,182.6892685637911,63375730
2018-04-17 00:00:00+00:00,178.72608861266164,181.00950248872684,178.0229675654997,179.63706981034676,46597958
2018-04-18 00:00:00+00:00,176.01529326453206,177.33112606752655,175.2705542321365,176.2988540009306,68971183
2018-04-19 00:00:00+00:00,175.17422909485666,177.06343758929367,174.68412295741206,175.81699791836505,50041355
2018-04-20 00:00:00+00:00,178.07042240706454,180.9741384024959,176.65689999391458,178.5134105007212,41697244
2018-04-23 00:00:00+00:00,176.73292390133543,179.3383302152402,176.1503916778917,177.6625425539722,58109462
2018-04-24 00:00:00+00:00,172.42463860793566,174.37130962604573,171.98107715199822,173.3707473621471,70104109
2018-04-25 00:00:00+00:00,178.30626276607836,181.56986662190837,177.1361542996337,178.81283035780476,50465643
2018-04-26 00:00:00+00:00,173.36507353506514,176.31581138073543,172.11760166092384,174.21081046820322,39391206
2018-04-27 00:00:00+00:00,175.04427835031996,176.9708757240342,174.14199759680665,175.88621773205594,62844842
2018-04-30 00:00:00+00:00,180.56865355608466,183.43331843083595,179.05582204933503,180.82771223402975,69154723
2018-05-01 00:00:00+00:00,183.42242389453858,185.82716526167656,182.5527938682684,183.98276604708676,45154383
2018-05-02 00:00:00+00:00,185.7704321316694,187.20141496771623,183.74188500297427,186.11201760933022,33042443
2018-05-03 00:00:00+00:00,180.97922339733512,184.20806028633837,179.36837660847362,181.31775301547884,66272065
2018-05-04 00:00:00+00:00,182.92611654942786,184.89209486298685,181.9234894740235,183.51479317232457,68188937
2018-05-07 00:00:00+00:00,181.3267948876785,182.8792198134849,180.65529736698414,181.87862008473923,59766019
2018-05-08 00:00:00+00:00,181.4631426104238,183.59093625363082,179.57129073644924,181.9786942309156,54201710
2018-05-09 00:00:00+00:00,177.94163152029685,180.98583013793365,177.5017783633141,178.5091999381484,41922885
2018-05-10 00:00:00+00:00,175.04458533737596,177.93110582272158,172.5370801774411,175.53176001217275,87274999
2018-05-11 00:00:00+00:00,172.28177668574762,175.8443011781564,170.5668942331696,173.1382157575749,42661683
2018-05-14 00:00:00+00:00,177.36973096315552,180.98892086784582,176.3564105219006,178.08389865019348,88754425
2018-05-15 00:00:00+00:00,175.43309424812702,177.90198387637577,173.84679694294735,175.9694082362079,39250798
2018-05-16 00:00:00+00:00,171.8919596505125,174.51043492481588,170.1005006978171,172.66031475169947,51905059
2018-05-17 00:00:00+00:00,166.18399950716062,168.41122369655437,165.69857141527135,166.78193500163277,45222522
2018-05-18 00:00:00+00:00,171.14860814043692,173.89883020479468,169.0024143213475,171.48565570875812,39029039
2018-05-21 00:00:00+00:00,172.76453439979258,175.8209343614355,170.6393872362994,173.32911231250228,43745356
2018-05-22 00:00:00+00:00,171.61469679940612,174.12389801655686,170.63310890019065,172.1244996894129,81701346
2018-05-23 00:00:00+00:00,165.74891930295007,167.31079874694055,164.50742776558977,166.1488148880663,61779639
2018-05-24 00:00:00+00:00,162.89380251590978,166.40742182859728,160.6698006170514,163.59892401115388,70136928
2018-05-25 00:00:00+00:00,161.30207663698633,164.14706680757058,160.1222133296201,161.76407172635365,70312881
2018-05-29 00:00:00+00:00,166.6582978905983,169.85576692962053,164.74432209261028,167.0293043257116,63938868
2018-05-30 00:00:00+00:00,164.2896022631153,166.9498354357539,162.29501056965904,164.95571705590064,74651542
2018-05-31 00:00:00+00:00,166.16643246627336,169.73911172107657,164.012663418512,166.75445520289236,70807383
2018-06-01 00:00:00+00:00,161.87651560971602,165.2595699438284,160.6301418006854,162.5920704813815,73563835
2018-06-04 00:00:00+00:00,161.5991015291843,164.0139390915059,159.66871486054947,161.85500935159206,68139561
2018-06-05 00:00:00+00:00,164.33811075289836,167.532715306948,162.36084089759927,164.56418139106572,60812305
2018-06-06 00:00:00+00:00,162.46004737081427,165.91171312425047,160.3287486775235,163.15421002189203,68764339
2018-06-07 00:00:00+00:00,158.84587029558412,161.67974895675906,158.59063434195184,159.73854101733667,64874202
2018-06-08 00:00:00+00:00,161.3390652869707,163.15349652667388,158.84602802556162,161.78390929985505,80586392
2018-06-11 00:00:00+00:00,162.96912402084013,166.2639797281187,160.5414544963238,163.41237313906876,60216847
2018-06-12 00:00:00+00:00,163.38209522343715,166.68246550058194,162.7798740114794,164.31090944635721,43904369
2018-06-13 00:00:00+00:00,166.6246309531624,168.34398885223732,165.21828827168952,167.27981827378625,87555255
2018-06-14 00:00:00+00:00,165.41559696085451,169.1341939291774,163.80653524807283,166.24946245128456,47302873
2018-06-15 00:00:00+00:00,166.4781234616508,168.470309803676,165.74920423911632,167.34592509697865,87973598
2018-06-18 00:00:00+00:00,164.28180009724437,167.0219788011809,163.16951745500887,164.6826757818403,65872816
2018-06-19 00:00:00+00:00,163.76514204111663,166.3954066077996,162.1845886632349,164.17295093768135,41913675
2018-06-20 00:00:00+00:00,163.7106653032283,166.8894412463432,161.85529215665923,164.49292275172408,64112782
2018-06-21 00:00:00+00:00,158.9369702381684,162.03527385572156,157.706528742878,159.20425506333882,54922327
2018-06-22 00:00:00+00:00,157.02773769535145,160.2980873555277,155.39155891446563,157.84717392183674,69204583
2018-06-25 00:00:00+00:00,159.1451621695256,161.80514101525046,158.25980836501952,159.76353244345515,87121231
2018-06-26 00:00:00+00:00,155.25783014649085,158.30225340630074,154.04019246527736,155.9201170555819,87554187
2018-06-27 00:00:00+00:00,153.4143536719831,157.12690305657642,152.55233345073705,154.28455162673205,86777053
2018-06-28 00:00:00+00:00,154.3575921826582,157.64297248118035,152.42697681222813,154.70712835398194,52329652
2018-06-29 00:00:00+00:00,162.23756054190923,165.33750638487768,161.0537788647249,162.45074468880324,57591846
2018-07-02 00:00:00+00:00,164.69085863007595,167.76826318577432,162.5702191935001,165.05390456948686,46798165
2018-07-03 00:00:00+00:00,163.28655377960487,164.87162546224786,161.0262444018525,163.83752938773546,37642952
2018-07-05 00:00:00+00:00,159.37328825965292,162.47850275430986,157.50105475218137,160.05740532993954,57982104
2018-07-06 00:00:00+00:00,158.5129496045697,160.62043029215704,157.93833971968817,159.3064032880097,79577860
2018-07-09 00:00:00+00:00,158.77413986305953,161.8672620192018,158.19222629166865,159.5370584937724,56750858
2018-07-10 00:00:00+00:00,161.5619782233701,165.42024572020196,159.74514972852273,162.43209788240532,49659222
2018-07-11 00:00:00+00:00,160.74440416350976,162.3723894742486,159.6033584315827,161.25250170180618,47665796
2018-07-12 00:00:00+00:00,162.6130249176751,165.52503348842882,161.66153146796282,163.50697621356048,53162092
2018-07-13 00:00:00+00:00,166.0619207680666,169.294744254348,164.32102607145032,166.42927268341535,45469310
2018-07-16 00:00:00+00:00,165.51694816079706,168.13820889309474,164.867376522543,165.98164015646694,31645693
2018-07-17 00:00:00+00:00,167.19375915754412,170.00901827800675,166.26363097630605,168.08847235994256,87888078
2018-07-18 00:00:00+00:00,166.39911414738282,170.14025325587303,164.68170376440324,167.32006844903125,48782178
2018-07-19 00:00:00+00:00,166.97283725117177,169.37700198395237,164.92792574776007,167.53925798003263,86638073
2018-07-20 00:00:00+00:00,163.4819353964108,164.9187093492742,161.2557650861335,163.88854096572462,47182514
2018-07-23 00:00:00+00:00,163.5989082240338,167.01310658479997,162.0151859967675,164.15397398167275,64357119
2018-07-24 00:00:00+00:00,165.73816423120925,168.8006212610096,164.71756740397842,166.45503033885325,71079483
2018-07-25 00:00:00+00:00,167.56072703797733,169.887067450664,166.90156911297035,168.0611646988731,83023194
2018-07-26 00:00:00+00:00,166.67383365160518,169.07441339417088,165.7183537586971,167.60663672682975,46606889
2018-07-27 00:00:00+00:00,169.65695186570792,172.58114491561213,168.04349412523183,170.28380572416708,71263263
2018-07-30 00:00:00+00:00,168.47774942019223,170.51490385914562,167.39633338405784,168.95672706881385,75344710
2018-07-31 00:00:00+00:00,167.951118779604,170.3331249609693,167.43557198607263,168.52978052145593,54205571
2018-08-01 00:00:00+00:00,164.89354262468086,166.4632708164532,163.09562760217258,165.26624701518165,41805986
2018-08-02 00:00:00+00:00,166.63387731283018,168.19440569473903,164.82828254335826,167.12064153728383,64472709
2018-08-03 00:00:00+00:00,165.28212124230427,167.257147862796,164.38588747797436,166.19189131523797,42937257
2018-08-06 00:00:00+00:00,166.31787911573176,169.6522335984273,165.70293610495216,166.9285506593403,36970605
2018-08-07 00:00:00+00:00,167.264599538033,169.82554741935067,165.38184406660403,167.56221419237048,58558782
2018-08-08 00:00:00+00:00,166.7673080998342,169.63981177463086,164.7397548774877,167.7005315382688,61406803
2018-08-09 00:00:00+00:00,168.24104300971646,170.57700241683543,166.65177473640043,168.6222096910857,73687015
2018-08-10 00:00:00+00:00,170.06053753009124,172.59747136194116,167.95027123804806,170.64752616838211,47426097
2018-08-13 00:00:00+00:00,169.83524765371294,172.28282889792666,168.18163792256033,170.57974445340648,56541857
2018-08-14 00:00:00+00:00,171.86366472012108,173.39350593446358,170.73135365762909,172.1173500256989,74518510
2018-08-15 00:00:00+00:00,172.476427267794,174.0439659742246,170.78623927836503,172.70346583868255,53647437
2018-08-16 00:00:00+00:00,173.67705007394324,176.3327570880385,172.36085928979574,174.3128522294684,72651498
2018-08-17 00:00:00+00:00,172.95455683573852,175.77336216612025,170.90588780430653,173.8519496774525,57344505
2018-08-20 00:00:00+00:00,176.07087204588794,179.49485415141433,175.31254926656348,176.60458905057726,87299452
2018-08-21 00:00:00+00:00,177.9926402525132,181.0383430850191,177.19017812700218,178.32768040294576,48844955
2018-08-22 00:00:00+00:00,175.69632601706775,179.3450542976792,174.30364588285045,176.36880039646456,67605512
2018-08-23 00:00:00+00:00,175.15537320496344,178.2769917839699,174.66941268135912,176.11264139412356,35877560
2018-08-24 00:00:00+00:00,174.1806892967244,175.85368757623488,171.75492582929843,174.39266877649737,76441932
2018-08-27 00:00:00+00:00,169.37300292220763,171.64944394498085,168.54077991229806,170.06564585809534,62785829
2018-08-28 00:00:00+00:00,169.31331219748824,172.58203821046067,168.00778654641843,169.68509517739713,47699518
2018-08-29 00:00:00+00:00,172.37209505899733,175.1848298111141,170.31955225063317,173.16033601392658,36646426
2018-08-30 00:00:00+00:00,174.29304725393504,176.48953310503435,172.63749811470268,175.01836414343816,76075033
2018-08-31 00:00:00+00:00,174.25387849579207,176.74355812877923,173.6220923451167,175.1459077311625,86617067
2018-09-04 00:00:00+00:00,175.54537872553436,178.07592789733886,174.81203608351547,176.37014040186767,77957337
2018-09-05 00:00:00+00:00,177.34523541101876,179.3334594866961,176.91682819345954,178.17615919790663,88692132
2018-09-06 00:00:00+00:00,180.419275187497,182.53662820000974,180.26600043852955,181.3848022731451,84072380
2018-09-07 00:00:00+00:00,183.30156737629835,185.11076189839602,180.97077245045713,183.64036205095698,65639403
2018-09-10 00:00:00+00:00,188.24333521354475,190.24613878642822,186.58533291349696,189.1232038065308,39870204
2018-09-11 00:00:00+00:00,191.43686054486878,194.92075845065017,189.80604187616422,192.17141588517515,61068476
2018-09-12 00:00:00+00:00,187.5658798765368,188.99887528663717,186.3077288737333,187.97417419097738,76333807
2018-09-13 00:00:00+00:00,187.6067444620762,189.54998501397455,185.76934418222,188.45922310687942,81365953
2018-09-14 00:00:00+00:00,190.7087447805073,192.8993038799207,190.14629012075238,191.20934036177138,41161828
2018-09-17 00:00:00+00:00,190.53729059533788,192.72180341141595,189.42448740835482,190.85856687713243,82115525
2018-09-18 00:00:00+00:00,186.60160530558147,189.8905755736121,184.31253625286706,187.10802623588995,63910234
2018-09-19 00:00:00+00:00,186.89031160475633,189.3954983057593,184.87159201646637,187.38386618724022,81786803
2018-09-20 00:00:00+00:00,185.03780985110123,188.01885100936192,183.0677560539273,186.00569786196897,67962595
2018-09-21 00:00:00+00:00,180.0916687751859,182.11666437814443,179.25126433526125,180.578105229523,57929888
2018-09-24 00:00:00+00:00,179.88358241956303,182.04229845451252,178.09449817252064,180.4144733541398,49502716
2018-09-25 00:00:00+00:00,183.05036716922203,184.47077495434195,180.91583670905075,183.27260310543954,74004321
2018-09-26 00:00:00+00:00,184.38503181429942,187.82424011207945,183.0224687772285,185.21123112853886,65704521
2018-09-27 00:00:00+00:00,186.21161226138878,190.00250941979567,185.4300951783037,187.13001078715516,30543276
2018-09-28 00:00:00+00:00,187.5101436495296,190.3143263628303,186.0940692592517,187.71114491017786,48313246
2018-10-01 00:00:00+00:00,184.21491285600243,186.76932097619826,183.6269575128365,185.2053771910601,81629063
2018-10-02 00:00:00+00:00,187.95812596719705,191.18767081185192,186.42753115942998,188.44566081818843,60669047
2018-10-03 00:00:00+00:00,187.70939637486305,189.5527462327679,186.8392031180643,188.03646520484514,52148722
2018-10-04 00:00:00+00:00,185.8507951037776,188.87380429898295,185.04502854743143,186.67399858969986,65799848
2018-10-05 00:00:00+00:00,187.01122890543678,189.81525151356908,185.0331838388405,187.28960622350442,60805109
2018-10-08 00:00:00+00:00,190.82999690968813,194.40514303876603,189.69394108866393,191.78472935789392,39720520
2018-10-09 00:00:00+00:00,192.38641498163864,196.09380685681143,191.93394116860932,193.21740783718994,59028398
2018-10-10 00:00:00+00:00,193.35968297053134,195.99256115759187,191.31610315095398,194.26001380470262,70159295
2018-10-11 00:00:00+00:00,191.18760065018225,193.9159937031341,190.2926116351623,192.14477664617385,46318203
2018-10-12 00:00:00+00:00,196.84512651751126,198.48809693703598,194.78239330000224,197.19561410703488,52079901
2018-10-15 00:00:00+00:00,199.09313706949425,202.1526623258449,197.36200219530957,199.61660423538268,81801745
2018-10-16 00:00:00+00:00,202.92629604781294,205.3905475576613,202.12940025336277,203.88015426354292,67624569
2018-10-17 00:00:00+00:00,208.37993178579814,210.33467028083007,207.5156761385197,208.65963704421546,74809092
2018-10-18 00:00:00+00:00,205.12616249564223,207.5791536811194,204.07027555530522,205.84746475981973,37638098
2018-10-19 00:00:00+00:00,207.70461455776825,210.65119268876091,206.56839567556008,208.24278843742522,88552389
2018-10-22 00:00:00+00:00,209.57486670982655,212.25214611458847,208.84338063337535,210.39265257289765,83393074
2018-10-23 00:00:00+00:00,205.80869670465364,207.58416667280787,203.11741346959343,206.02163504667095,53517198
2018-10-24 00:00:00+00:00,206.1124339946324,208.30236588259902,204.73021880689683,207.0836784988162,49222265
2018-10-25 00:00:00+00:00,205.45778094872654,208.88121786301056,203.5607624310377,206.10135076936,73838101
2018-10-26 00:00:00+00:00,200.40929920325016,202.29052648859562,198.6274925250793,201.27585734967155,75230265
2018-10-29 00:00:00+00:00,202.66683358550463,205.86742082235983,201.14502639935998,203.42526038593624,56718491
2018-10-30 00:00:00+00:00,202.40638073275338,204.59811107230996,200.51382025139694,203.0835425700129,51487836
2018-10-31 00:00:00+00:00,202.259123248191,204.46031382949266,200.4650927060102,203.08951795896638,83097409
2018-11-01 00:00:00+00:00,204.6939365091854,206.75627502489831,203.72288321989134,205.13956584384826,41286939
2018-11-02 00:00:00+00:00,204.63255544911434,206.90926409407004,202.55275863291453,205.4953882586982,60109428
2018-11-05 00:00:00+00:00,206.4246201532217,209.4850256187341,205.38206373213578,206.77465237484694,40191757
2018-11-06 00:00:00+00:00,202.86841564800045,206.0050922538852,201.11855150505417,203.80145080986324,63970486
2018-11-07 00:00:00+00:00,205.5310906386412,207.15036811365778,204.9175308234985,205.9340058319923,81428241
2018-11-08 00:00:00+00:00,204.45500773002485,206.40386943705138,204.177314582649,205.18231120194415,64081853
2018-11-09 00:00:00+00:00,202.39155884777367,203.91653938222572,201.54488090357773,202.77058814663397,63239880
2018-11-12 00:00:00+00:00,201.25414036999996,204.66602906725598,200.39686328355933,202.01575939785002,56963622
2018-11-13 00:00:00+00:00,203.72926246703116,206.4951872484604,201.8307044821711,204.05263320906963,58372108
2018-11-14 00:00:00+00:00,200.27815723354982,203.36203367550527,198.25842921675223,200.54816087104237,89439386
2018-11-15 00:00:00+00:00,201.59226701319048,204.49930598238174,199.6275412223506,202.40999396436223,66036161
2018-11-16 00:00:00+00:00,200.83914389673916,204.06218208548285,200.10175405657378,201.60811620543868,36761388
2018-11-19 00:00:00+00:00,205.7183569525455,207.70834291762492,205.2209499036302,206.44513259289363,76012003
2018-11-20 00:00:00+00:00,207.84753872550564,209.45927014508197,206.93222521067997,208.41790529193747,39477928
2018-11-21 00:00:00+00:00,208.77254978076098,211.03112877923513,208.3771200561508,209.3903108769506,44689656
2018-11-23 00:00:00+00:00,210.94461674783858,213.32017824715805,208.6518529615588,211.59083176588635,30058274
2018-11-26 00:00:00+00:00,209.56918247194437,212.23490228027325,209.21585319590565,210.43759565206906,82326140
2018-11-27 00:00:00+00:00,211.03817470155462,214.52665054224187,208.82003472369087,211.78327505368728,75097466
2018-11-28 00:00:00+00:00,210.84920560263086,212.7403684634824,209.41286480919817,211.44928401810765,74118082
2018-11-29 00:00:00+00:00,209.54356484896445,212.86051494556256,208.83965051985774,210.2118702794104,64282715
2018-11-30 00:00:00+00:00,210.34243820247366,212.3869885344783,209.82146178004845,211.00781797541075,55433999
2018-12-03 00:00:00+00:00,209.96669005515335,213.35102716747934,209.71153683148304,210.8472666168146,51443333
2018-12-04 00:00:00+00:00,213.88197512292865,217.3511363400424,213.03489594182957,214.3811472968386,57376689
2018-12-06 00:00:00+00:00,214.77210717133323,218.30633451951454,213.84549136304676,215.31627889847925,82433538
2018-12-07 00:00:00+00:00,215.85581077031657,217.8057470790556,213.72897693990788,216.32934551581755,31561070
2018-12-10 00:00:00+00:00,215.61341374268653,217.15278501795518,213.75836410144666,216.0576292345868,74104540
2018-12-11 00:00:00+00:00,219.19453884903058,221.5434039479996,216.8842341639577,219.43991194080934,45997396
2018-12-12 00:00:00+00:00,214.1843592268715,217.57624423423027,211.9473744321756,214.9220623164422,35357501
2018-12-13 00:00:00+00:00,209.90126945671437,213.36102693637014,208.30054237387418,210.4277135402015,60776423
2018-12-14 00:00:00+00:00,207.32462684864709,209.49016441692075,205.2107114829617,207.61656882418572,47300613
2018-12-17 00:00:00+00:00,207.2020600478268,209.46720503415347,206.23072154380236,207.81460232269774,41107822
2018-12-18 00:00:00+00:00,202.3373598636664,205.33869593553555,201.33273939536755,203.0022738531024,47750400
2018-12-19 00:00:00+00:00,200.1723793658889,202.9761254335756,198.09108713605832,200.49383903198077,31982999
2018-12-20 00:00:00+00:00,201.423853871103,205.17342418596687,199.8493805456482,202.35812443386715,40077188
2018-12-21 00:00:00+00:00,203.3861890970422,205.21361770744662,201.58821113979963,203.8504537016999,77637829
2018-12-24 00:00:00+00:00,199.44974094684048,203.30742945461867,198.61800809384604,200.32542129766827,80775307
2018-12-26 00:00:00+00:00,201.3266554222918,204.0999469008296,200.88240493362724,202.2301951928463,45254684
2018-12-27 00:00:00+00:00,205.3249944291415,208.790946093103,203.6089460390027,206.25576006011613,80016489
2018-12-28 00:00:00+00:00,210.85143034010352,213.1491432427198,209.48263080220383,211.79564339674596,39295016
2018-12-31 00:00:00+00:00,212.14377602489913,213.8548337804774,210.41129943036634,212.38922446327692,88666403
2019-01-02 00:00:00+00:00,212.29664395872646,215.4130762939425,211.5679790458594,213.28069553456652,54296781
2019-01-03 00:00:00+00:00,212.3050777516025,215.53001760505134,212.1431005597284,213.1802180034495,37860129
2019-01-04 00:00:00+00:00,217.18701858823567,219.4332772017869,216.35253498870424,217.5886850753197,58933753
2019-01-07 00:00:00+00:00,218.58127525970656,221.77939397101963,217.70447013388426,219.06370598289854,64347783
2019-01-08 00:00:00+00:00,216.05474996769527,219.04283263635688,215.08955472084722,216.86281951064336,46915541
2019-01-09 00:00:00+00:00,218.40291795070365,220.40420929589575,217.47514401143835,219.13064990361798,74313019
2019-01-10 00:00:00+00:00,216.84825502194738,219.9828126387571,214.93807862134966,217.7465155082065,89388976
2019-01-11 00:00:00+00:00,219.04041462168297,222.11304990684843,217.37785035757614,219.390227783963,59630643
2019-01-14 00:00:00+00:00,215.6485602266627,217.55181819272786,214.48550172074044,216.34888102947912,81555105
2019-01-15 00:00:00+00:00,215.47657389182513,218.78205208198992,214.5589182304849,216.21437599030907,71249951
2019-01-16 00:00:00+00:00,221.75408178743217,225.07598965096778,219.74908427024036,222.48009143786058,83494401
2019-01-17 00:00:00+00:00,218.94973446887548,222.04265175231174,218.2599585497217,219.63774850275558,72944620
2019-01-18 00:00:00+00:00,219.9523414080595,222.87116708431608,218.87208807208697,220.3829471016318,43747296
2019-01-22 00:00:00+00:00,222.85821325614216,226.26611440761988,222.24246060380497,223.45825733860053,78657303
2019-01-23 00:00:00+00:00,222.42129808912108,224.37723909036848,221.69087943786067,223.02557275037503,58613647
2019-01-24 00:00:00+00:00,225.23996038746682,228.2389482965131,224.64202802041441,225.88219127715314,82713072
2019-01-25 00:00:00+00:00,226.3614850305568,228.60302253069386,225.14976473739966,227.2193958126257,85305267
2019-01-28 00:00:00+00:00,225.13964994087135,227.14783317380466,223.87411064206586,225.83728860455906,88646586
2019-01-29 00:00:00+00:00,223.5395816402492,226.82028605307684,221.155648559537,224.01272798510928,63547444
2019-01-30 00:00:00+00:00,224.38455597011935,226.45050970695934,223.37242800668798,224.6729561668025,85125066
2019-01-31 00:00:00+00:00,219.34718431176424,222.56516267491227,218.54378276641845,220.341350135111,79047943
2019-02-01 00:00:00+00:00,216.70897700292522,219.6153770670153,215.4126938256323,217.28531365344017,31546377
2019-02-04 00:00:00+00:00,217.00604957071397,220.87013027225095,215.95558600763317,217.9300489456017,75066237
2019-02-05 00:00:00+00:00,214.59607271077553,216.72753382864883,212.30092891818734,215.0271443287694,74287904
2019-02-06 00:00:00+00:00,213.9679706946142,215.8933945438086,211.78372471227175,214.54877540962846,73974556
2019-02-07 00:00:00+00:00,211.005716675302,214.02310422691073,208.89687239612937,211.65392640177416,44365098
2019-02-08 00:00:00+00:00,214.29981101147544,217.02463495225578,212.52725666883555,214.93621315278548,39157229
2019-02-11 00:00:00+00:00,216.45751052744907,220.31492307566876,214.98068394595055,217.34271766144707,74231325
2019-02-12 00:00:00+00:00,218.25682203760783,219.82453735700892,216.73977211265742,218.62289313944257,72433216
2019-02-13 00:00:00+00:00,218.67438223484322,221.85403559364582,216.31610642573656,219.2499082721575,77843833
2019-02-14 00:00:00+00:00,217.59430187173157,219.2721838944626,215.84057293087847,218.06243283412007,80173661
2019-02-15 00:00:00+00:00,214.96125929350546,217.00537356801496,213.70853555070147,215.31048757281386,49578172
2019-02-19 00:00:00+00:00,219.9567798912048,222.70968452652335,219.32071192212564,220.78303495289947,80589131
2019-02-20 00:00:00+00:00,222.12371227977061,223.67588010373757,220.00444810048944,222.48068699975883,61223988
2019-02-21 00:00:00+00:00,221.84838878181958,224.05824363172255,220.28360401294796,222.22480360095315,82127762
2019-02-22 00:00:00+00:00,222.769755777722,225.1586879190831,222.23652108338032,223.49226874710538,75272277
2019-02-25 00:00:00+00:00,225.43890792648412,228.24782828792945,224.5998933346303,226.0455819639165,79983614
2019-02-26 00:00:00+00:00,228.9938878835855,231.79751703253763,226.71343395635697,229.4810125765423,32006154
2019-02-27 00:00:00+00:00,232.98465497466754,235.2484781192849,231.68112123613975,233.8576556655209,78257953
2019-02-28 00:00:00+00:00,235.11349130689288,238.63255513762635,233.21865708661886,235.86748526380646,81152958
2019-03-01 00:00:00+00:00,233.3090515371514,235.3571577173878,232.7973253862111,233.95800197928605,36422181
2019-03-04 00:00:00+00:00,233.9825550599033,235.91042048384796,231.83530578083187,234.31261024764268,88751863
2019-03-05 00:00:00+00:00,235.4140673748448,236.75880703426427,232.84036548579223,235.73690891764934,87991762
2019-03-06 00:00:00+00:00,235.07489005303185,237.08520604527646,234.54463501728375,235.6846512376123,50865161
2019-03-07 00:00:00+00:00,235.13340806287982,238.57831621976126,234.0662060144079,236.04866255877243,72265858
2019-03-08 00:00:00+00:00,227.8086983263781,229.97556114608383,227.390513333884,228.45581599249513,74351664
2019-03-11 00:00:00+00:00,231.8551419379062,235.6436004947249,230.18911955241902,232.81644019847113,78744673
2019-03-12 00:00:00+00:00,231.7628803188238,234.29685566331688,231.50589155586212,232.56677219482557,30147548
2019-03-13 00:00:00+00:00,236.83035804622145,238.18446558690675,234.9861996221037,237.03645006461818,70811029
2019-03-14 00:00:00+00:00,238.60788431883017,241.24285340230423,236.64690970197776,239.5629409872987,87472397
2019-03-15 00:00:00+00:00,239.84827392812647,243.03732948734933,238.8211481069725,240.74723884490115,55614922
2019-03-18 00:00:00+00:00,245.37913665191536,248.03175089554028,243.1619490792079,246.0177297275321,68059691
2019-03-19 00:00:00+00:00,243.83492294249086,246.46541766478578,242.3675826671942,244.4327416629032,52484598
2019-03-20 00:00:00+00:00,251.14004461829808,253.2897785733395,249.94494242164038,251.527193518287,84365699
2019-03-21 00:00:00+00:00,250.93905087821702,253.03926445905114,249.09276626935707,251.9189525278702,62648446
2019-03-22 00:00:00+00:00,246.93620964554083,249.89698899112315,244.76677728296693,247.41102295024527,72625817
2019-03-25 00:00:00+00:00,245.48552350512273,246.9572103160802,244.05497569518323,245.78580210598315,47319086
2019-03-26 00:00:00+00:00,245.39873203583724,248.87872136114578,243.31803852758856,246.2417280263959,45427834
2019-03-27 00:00:00+00:00,241.0385716468534,243.87680120981628,239.09020170452766,241.81248793369107,50822233
2019-03-28 00:00:00+00:00,241.39874342887097,244.35363851727942,239.8285113990565,241.6142444820409,41333570
2019-03-29 00:00:00+00:00,240.08105497452854,241.8125300122243,238.22458578988895,240.6031732999888,48544967
2019-04-01 00:00:00+00:00,238.74142918157395,241.1961902187514,236.18641850838063,238.9557315363686,70080381
2019-04-02 00:00:00+00:00,237.04140353290342,240.0366959291971,236.33862098068246,237.70403009593207,51764038
2019-04-03 00:00:00+00:00,235.4919365641871,238.34582089445564,233.8656740176769,235.86300135455227,55597834
2019-04-04 00:00:00+00:00,235.8148759883445,239.408002615982,234.9492719449701,236.51859862225405,72956745
2019-04-05 00:00:00+00:00,236.4658198708106,240.06560977398598,234.63322731247644,237.37654420800598,62838965
2019-04-08 00:00:00+00:00,236.7840018290596,238.47980220082525,235.19242023095495,237.1842158290105,34790248
2019-04-09 00:00:00+00:00,236.910874003526,238.9550552860334,235.00701576196195,237.4962708888271,39098516
2019-04-10 00:00:00+00:00,237.45911180694577,239.8171391113588,236.1281321963511,238.4188589784266,43109720
2019-04-11 00:00:00+00:00,239.4744954739145,242.18997801427088,237.3492849666333,239.9934481104144,68633144
2019-04-12 00:00:00+00:00,240.0859871557412,243.2042254709857,238.5775806045965,240.71327703973319,62393738
2019-04-15 00:00:00+00:00,245.2989065287411,248.00740320835203,243.42091208340477,245.55234876576486,34465807
2019-04-16 00:00:00+00:00,249.40949694047882,251.61805810762834,248.5970242401854,250.00390409480275,45366246
2019-04-17 00:00:00+00:00,246.7131848157629,250.144536633622,246.0738816447158,247.5302081641725,89189003
2019-04-18 00:00:00+00:00,244.15588416511378,247.09704026961032,243.17323213718495,245.01699982980017,53190769
2019-04-22 00:00:00+00:00,242.04705455419204,245.5015651536309,239.74565781582098,242.57951786607342,33827167
2019-04-23 00:00:00+00:00,243.93113979207192,246.02508328413387,243.37166004361958,244.67133791898564,76116458
2019-04-24 00:00:00+00:00,242.652604490541,244.72928660192017,241.87185980948018,243.32015621925686,72704268
2019-04-25 00:00:00+00:00,245.93192392533157,247.79928156415443,243.73252927261478,246.44584964322743,54067029
2019-04-26 00:00:00+00:00,243.56819610500528,245.58097892470465,241.40414461443635,244.27598646230862,59689927
2019-04-29 00:00:00+00:00,240.61643808668984,241.94182143779275,238.28970773712444,240.82469041886065,46627468
2019-04-30 00:00:00+00:00,236.3981205189374,239.31148025236317,235.37074461422796,236.6346176731657,33719673
2019-05-01 00:00:00+00:00,231.77639714006307,235.22553432429814,230.6750482441974,232.61101438755102,35024852
2019-05-02 00:00:00+00:00,231.50094043716186,233.26544857276906,229.54932812754132,231.71550513227382,41777716
2019-05-03 00:00:00+00:00,236.36519999700445,238.94675538403158,235.1066045662874,237.00800584062694,74038389
2019-05-06 00:00:00+00:00,238.4939148446456,240.59125179405797,237.88834612379333,238.96466750424534,36693760
2019-05-07 00:00:00+00:00,238.78023240506917,242.1192832276287,236.55898664383835,239.4340470013714,76925604
2019-05-08 00:00:00+00:00,237.16153910667143,239.7461488899324,236.62630636334143,237.79420062042078,55185696
2019-05-09 00:00:00+00:00,236.86376966420687,239.2070075748381,234.90635150278123,237.10020251405558,38880395
2019-05-10 00:00:00+00:00,234.3083236707263,237.00159476736798,233.4172882905935,235.2829397656854,74341762
2019-05-13 00:00:00+00:00,233.95637027983022,237.3149146685994,232.87198998518605,234.42295482317127,72566484
2019-05-14 00:00:00+00:00,234.72591209564013,236.45193166321664,233.66537611464324,235.06915974720619,64857753
2019-05-15 00:00:00+00:00,236.61562257289143,239.68852076401527,234.98922259601002,236.83426942427894,80797882
2019-05-16 00:00:00+00:00,235.45161078051333,237.59270390135893,235.01343774134972,236.08150302435658,58202595
2019-05-17 00:00:00+00:00,236.91625880135982,240.5491799943654,235.80947609302612,237.86057084821056,44024261
2019-05-20 00:00:00+00:00,237.43240204992932,239.0724924998935,236.8053988517147,237.82361744043104,61322814
2019-05-21 00:00:00+00:00,236.64085604947485,239.7082389265321,234.60399193812503,237.0122168548954,48713828
2019-05-22 00:00:00+00:00,237.42511056105778,240.46713092956682,236.53422142512852,238.25618765781033,57360697
2019-05-23 00:00:00+00:00,236.46141648493364,239.86597183083617,234.2809626441012,237.13354611662342,81754854
2019-05-24 00:00:00+00:00,236.7214162712248,239.18378649795142,234.72567300456774,237.49200974820448,40061105
2019-05-28 00:00:00+00:00,237.0082487738689,239.12737185788242,235.0649443159429,237.59161542693664,72963949
2019-05-29 00:00:00+00:00,240.0264849888951,242.79191256961715,237.5389594349188,240.3645857810043,77642001
2019-05-30 00:00:00+00:00,239.97520511958024,241.60701071101042,237.75125476598706,240.31544655481585,70505552
2019-05-31 00:00:00+00:00,241.00700049956203,244.28581765133825,239.19885299748128,241.35550811462838,81768506
2019-06-03 00:00:00+00:00,237.9763221338249,240.21274713108636,236.57367320070512,238.94305027135584,61614996
2019-06-04 00:00:00+00:00,237.82040909481833,241.2467034724846,237.32004824610252,238.52577785849152,48012697
2019-06-05 00:00:00+00:00,241.33598195011498,244.41355991488632,240.6506255475732,241.9374785015769,45417631
2019-06-06 00:00:00+00:00,245.12605712278875,247.1278585363645,243.66676627669872,245.48459006758662,64108408
2019-06-07 00:00:00+00:00,246.92208056786905,248.5935016107772,245.0086517532767,247.34381162103728,39401424
2019-06-10 00:00:00+00:00,245.40989534592669,247.39204470203504,243.9507438915562,246.14576347351388,40615089
2019-06-11 00:00:00+00:00,243.44608338201718,245.68382029823397,242.92618036861907,244.28415365442203,82307041
2019-06-12 00:00:00+00:00,241.6489583518428,245.0214946836575,241.18971859137187,242.3736980517644,43458374
2019-06-13 00:00:00+00:00,240.8087073856184,243.26132979006812,239.13369708871932,241.1400126988066,51905044
2019-06-14 00:00:00+00:00,241.59565311794108,244.7270460590013,239.85626787494317,242.21183735677022,47710130
2019-06-17 00:00:00+00:00,239.64972818386153,242.68815670200695,239.12460266654747,240.5668199067915,84592909
2019-06-18 00:00:00+00:00,237.3972875928308,239.23628634789176,236.67235331328374,238.14639613602534,53364846
2019-06-19 00:00:00+00:00,234.40285910876054,237.7895043607842,233.17533055464426,235.33395870642298,77667867
2019-06-20 00:00:00+00:00,233.4059818501832,234.66890385754687,231.4248976763527,233.66486800288007,76266122
2019-06-21 00:00:00+00:00,228.1179086357197,230.74697000759457,226.30896209539515,228.61982363001866,31244852
2019-06-24 00:00:00+00:00,224.25749057264676,226.38507909373848,223.67272319814415,224.99384960499185,87250225
2019-06-25 00:00:00+00:00,221.73116555383254,224.81064232107457,220.2351976471795,222.693037500597,79137514
2019-06-26 00:00:00+00:00,221.1759194308855,224.95790660839063,219.86688247855534,221.98572319005584,72092550
2019-06-27 00:00:00+00:00,225.8550695127398,229.19620681379428,224.36677584908213,226.19855429587432,38139007
2019-06-28 00:00:00+00:00,227.52327415178857,229.84018586203828,226.44763148267367,228.303350551347,49237285
2019-07-01 00:00:00+00:00,228.71486394110963,231.6777701550562,226.56971855892624,228.9911709064482,59924293
2019-07-02 00:00:00+00:00,224.60800054818324,227.36587465686281,222.7806834902704,225.14863016317057,80721263
2019-07-03 00:00:00+00:00,223.28708337647947,225.65242229323752,221.35580657228434,224.0033841123816,37669614
2019-07-05 00:00:00+00:00,225.4152902437026,227.3083309953982,223.4739036012653,225.74794568037507,55430021
2019-07-08 00:00:00+00:00,228.8069408092394,231.0864039156436,226.3812659941375,229.09295723171812,46441926
2019-07-09 00:00:00+00:00,222.4827108028779,226.22226675043976,221.91359652558484,223.41019416836988,43842487
2019-07-10 00:00:00+00:00,226.57961901854432,229.9286770935239,224.14106400222136,226.9754058395496,31136516
2019-07-11 00:00:00+00:00,226.4146209943175,227.8271682063675,223.92630595628737,226.68565356258924,70127026
2019-07-12 00:00:00+00:00,228.84919171444466,230.1587908047111,226.42951406368226,229.12666650994925,34420204
2019-07-15 00:00:00+00:00,226.9406408463218,230.05102913388245,224.89781071480192,227.84331516964147,67888600
2019-07-16 00:00:00+00:00,227.40377154281214,229.23318253134747,225.36882560434685,227.84582919247038,40389917
2019-07-17 00:00:00+00:00,224.53396465366023,227.39304964685488,223.52221017589864,224.97371275933148,80285711
2019-07-18 00:00:00+00:00,224.81729044144515,226.78254854275227,223.51137232998465,225.34706750931076,66104305
2019-07-19 00:00:00+00:00,228.88478676953972,231.18173914968165,227.26945699753074,229.36821264752618,60239522
2019-07-22 00:00:00+00:00,232.45783266279426,235.63583211651502,230.96291416027705,232.80493213006957,69491588
2019-07-23 00:00:00+00:00,234.3535437259049,236.1196247024199,232.63967498199466,235.03067712137948,54746839
2019-07-24 00:00:00+00:00,232.34372386640624,235.83950695161477,230.833535442094,233.16126501817845,41399671
2019-07-25 00:00:00+00:00,232.40821392904965,234.79178723530583,231.19237667806948,232.7029414571193,80380789
2019-07-26 00:00:00+00:00,231.15000398421387,234.32033400603285,229.71673474477242,231.38074990421356,83378609
2019-07-29 00:00:00+00:00,231.45696721804248,235.37124999706373,229.47359177273304,232.39329325615807,77884243
2019-07-30 00:00:00+00:00,234.16404888613286,237.9760660820052,232.96099217158016,235.00475110211164,72360261
2019-07-31 00:00:00+00:00,231.66982863462485,234.3990271686325,230.3245410237616,232.19494049062592,39231329
2019-08-01 00:00:00+00:00,230.50859161716477,233.02046508751562,229.1118616152226,231.0022873108613,59889531
2019-08-02 00:00:00+00:00,232.54692392481206,236.13019139702791,232.39250564323055,233.47935105095053,37488757
2019-08-05 00:00:00+00:00,235.75714906049424,237.80971460587486,234.51889549030736,236.3915871561821,88364991
2019-08-06 00:00:00+00:00,232.50996110604243,235.8772480276982,231.92608487701594,233.5097571128221,56475425
2019-08-07 00:00:00+00:00,233.07417181034083,235.70113430474066,231.10203169596758,233.46205782743135,41643626
2019-08-08 00:00:00+00:00,236.01020501353622,239.48112244341868,234.57106207194366,236.71146483109982,43271554
2019-08-09 00:00:00+00:00,239.63329713537667,242.17988691917213,237.73368818898055,239.9437329356171,54995669
2019-08-12 00:00:00+00:00,238.5641178270511,240.26579146531873,237.12008757377615,239.17459564200678,39100570
2019-08-13 00:00:00+00:00,241.79210241242646,243.48404818985466,239.09752503695898,242.02659910192486,85848548
2019-08-14 00:00:00+00:00,242.3020827001666,244.89115119240475,242.07123051852057,243.1024296775589,53280805
2019-08-15 00:00:00+00:00,240.26496498246928,243.70258574025436,237.96083200587944,240.85236961528537,44867551
2019-08-16 00:00:00+00:00,244.81255820133893,247.65292849794625,243.99016537787688,245.23104617922095,59581233
2019-08-19 00:00:00+00:00,244.02969797516744,247.23127322806815,241.46471614778974,244.35347540602916,34646898
2019-08-20 00:00:00+00:00,243.30320051434074,246.6951858553239,243.18704639764113,244.2060557269092,83172633
2019-08-21 00:00:00+00:00,239.53443319812993,241.5360549521066,237.4901548939971,240.3984621720137,53965469
2019-08-22 00:00:00+00:00,238.765666968693,240.40547469318665,238.07787591026397,239.30371555133038,69987454
2019-08-23 00:00:00+00:00,236.8141581666942,238.87548724253924,235.05087436352875,237.66386545766014,77651824
2019-08-26 00:00:00+00:00,232.46743283266744,234.4315355921973,232.05994189937644,233.36214757710863,51576075
2019-08-27 00:00:00+00:00,234.3113470771652,237.45870636351495,231.8990355787203,234.59971113358623,47170559
2019-08-28 00:00:00+00:00,231.99027486235227,235.04190741145956,231.8630617844289,232.95984788350927,53030914
2019-08-29 00:00:00+00:00,235.08644392179738,237.3060032577641,233.77605621014928,235.42615505452693,86981719
2019-08-30 00:00:00+00:00,234.56170578194474,235.887446553396,232.3190413426363,234.8264842955141,43184506
2019-09-03 00:00:00+00:00,236.8665619676953,239.5532391179429,236.38423544642993,237.80250552423558,38028198
2019-09-04 00:00:00+00:00,237.6746480042696,239.4713262326734,236.89367511461973,238.08934359962552,37340628
2019-09-05 00:00:00+00:00,237.02450183898145,240.3665446636187,236.33996549645397,237.76682572932,42972563
2019-09-06 00:00:00+00:00,236.7155169999788,238.9151291885734,234.7648573006583,237.4154482764343,50657924
2019-09-09 00:00:00+00:00,235.11173502117217,238.05641758004194,232.44625001093928,235.4456960092586,65208735
2019-09-10 00:00:00+00:00,234.00799585676018,236.69555113356162,232.5095483600241,234.35132352949844,55954349
2019-09-11 00:00:00+00:00,235.9549983254708,238.90935732834237,234.87616698241695,236.56072389816563,87487334
2019-09-12 00:00:00+00:00,237.9019794531602,240.33134170041393,236.76144832740852,238.74624736907137,84225635
2019-09-13 00:00:00+00:00,237.9681109766692,239.64834411465625,236.19141757523343,238.56626214439743,60304874
2019-09-16 00:00:00+00:00,237.6740281132611,239.5131074608067,236.08008179937468,238.4935668435328,36441635
2019-09-17 00:00:00+00:00,234.4394855578493,237.38151213258365,233.79981425763063,235.2205480892743,61348231
2019-09-18 00:00:00+00:00,233.38347360340902,235.47228336274443,232.19539302736445,234.12765059591322,44974525
2019-09-19 00:00:00+00:00,232.6490345719293,235.79314397811223,231.09336966082893,232.94442769782583,49259302
2019-09-20 00:00:00+00:00,228.87864019879643,231.24320402024696,227.1460648229421,229.77666689996718,60962213
2019-09-23 00:00:00+00:00,232.63168633827317,234.3657778609102,230.59771736597935,232.91150731321295,58060069
2019-09-24 00:00:00+00:00,232.26032171284254,234.1912286718155,231.54242076302464,232.55356396417574,72129449
2019-09-25 00:00:00+00:00,231.46160467009435,234.42501548169074,231.08463867041664,232.39302242273348,33202474
2019-09-26 00:00:00+00:00,234.10756177903525,237.15998539089853,231.7598655653832,234.48614499377064,31007955
2019-09-27 00:00:00+00:00,231.5165145705455,235.13484605180255,230.83316471823014,232.33336522945498,49426608
2019-09-30 00:00:00+00:00,233.83589561454215,235.36191407035685,232.36597269212382,234.18927815372732,83684504
2019-10-01 00:00:00+00:00,227.97685388941932,230.00435442183257,226.89042970401766,228.67628625175675,79036161
2019-10-02 00:00:00+00:00,227.09731595515157,229.95286010344375,225.49586561086784,227.38360241277084,54639176
2019-10-03 00:00:00+00:00,221.6966005918184,224.84108544247752,220.37889888515156,222.5043397104613,65890774
2019-10-04 00:00:00+00:00,225.16957639509337,228.5790453068693,223.73844344335782,225.73919961132057,79937127
2019-10-07 00:00:00+00:00,227.00037133898556,230.23200044282694,225.26962032024474,227.74068068305135,69363911
2019-10-08 00:00:00+00:00,226.0150850508639,227.85215386454604,224.92385019487804,226.2867745324835,75399592
2019-10-09 00:00:00+00:00,225.84665097489287,228.39202510116618,224.25947990841757,226.4502305739913,82305416
2019-10-10 00:00:00+00:00,223.97954337259753,226.1056286077404,222.80831957278437,224.46930259971566,83475144
2019-10-11 00:00:00+00:00,224.93912357397542,228.14225848877584,223.96909352670974,225.65008186839538,83134961
2019-10-14 00:00:00+00:00,227.29302691496486,228.91118460055225,226.50892414961424,227.7331518838562,67179476
2019-10-15 00:00:00+00:00,225.80162932557772,227.40385255691353,223.87562544904566,226.35578336374274,79665872
2019-10-16 00:00:00+00:00,226.7595381548799,228.6362427978912,225.5824398086525,227.4704372907902,40423434
2019-10-17 00:00:00+00:00,225.08767772363558,226.78822963741658,224.02943791763045,225.48206222766558,86031791
2019-10-18 00:00:00+00:00,223.93721498198389,227.11957927299935,223.47981699553637,224.81112474513313,49181049
2019-10-21 00:00:00+00:00,224.75480836371275,227.01186603042146,223.30088157215096,225.5098410324093,32134677
2019-10-22 00:00:00+00:00,227.18398446066303,229.07453901720035,226.18816192192335,227.57254099741957,42927578
2019-10-23 00:00:00+00:00,225.82012341992962,227.39002996850954,223.22519647905264,226.07443604927684,60983342
2019-10-24 00:00:00+00:00,225.21549684617816,226.96002042897697,223.0508678103533,225.95466286662497,31228228
2019-10-25 00:00:00+00:00,226.33984236599443,229.329878368408,225.30219317391976,227.2347647272498,48588546
2019-10-28 00:00:00+00:00,228.79593007144788,232.15904142851423,226.70847418088664,229.31285668817824,89382659
2019-10-29 00:00:00+00:00,232.36704745852117,235.13328458796258,230.13504648792892,232.9717766660818,83913096
2019-10-30 00:00:00+00:00,231.73704214298337,234.1062666515063,230.7130348282507,232.71305573964952,84485217
2019-10-31 00:00:00+00:00,237.43241563113753,240.16871489453848,235.97794877292927,237.69240867642662,86536018
2019-11-01 00:00:00+00:00,235.6045596669708,237.37038171979347,233.86543545105368,235.8580972729658,62302597
2019-11-04 00:00:00+00:00,237.5386852123122,239.6760969564258,235.5697299234536,238.13832905770514,71760447
2019-11-05 00:00:00+00:00,241.45843286220773,244.2148305365131,241.0726847681867,242.3118599784923,71673034
2019-11-06 00:00:00+00:00,246.30854933570205,248.760983103821,245.73629091789334,247.12639838182614,33517314
2019-11-07 00:00:00+00:00,246.71400710868534,248.03543134237265,245.95141534430783,247.02079458295964,86545895
2019-11-08 00:00:00+00:00,244.09949647168327,246.02149133262245,241.83192741920345,244.55326504126506,42763676
2019-11-11 00:00:00+00:00,240.32785291660653,243.7616916879128,238.99096507341577,240.90816088679375,39536283
2019-11-12 00:00:00+00:00,239.10201700971848,242.54117650871783,238.71260447313702,240.00224505044054,47278259
2019-11-13 00:00:00+00:00,234.7563467899772,236.649225053472,233.54422824701587,235.57617922572345,86617711
2019-11-14 00:00:00+00:00,233.34410772683466,234.9258293292549,231.22713079670314,233.77444712875672,50861564
2019-11-15 00:00:00+00:00,228.56280558998594,231.45661039736345,227.92321533897203,229.3910735992411,71930499
2019-11-18 00:00:00+00:00,229.71229472714725,231.73680233419233,227.70055917839656,230.39359884607143,83823112
2019-11-19 00:00:00+00:00,232.43570355628069,236.01178502530067,230.9284622629863,233.33692014126868,37710829
2019-11-20 00:00:00+00:00,232.79704635615337,234.8733811808498,231.80671902073257,233.10421841925563,58688897
2019-11-21 00:00:00+00:00,236.47534315091178,239.20217466115295,235.34112619622854,236.91615109218372,81357272
2019-11-22 00:00:00+00:00,236.01256740361097,237.28535550416748,234.55993251329832,236.22769677543965,80291477
2019-11-25 00:00:00+00:00,237.1518238000499,239.47267305254937,236.2657582257473,237.9865084710917,52209941
2019-11-26 00:00:00+00:00,235.43698290708164,237.65237513787946,233.83297942775656,235.76264097161925,59564411
2019-11-27 00:00:00+00:00,235.64081139960572,238.0286087759367,234.9723643444442,236.51222238309452,74793351
2019-11-29 00:00:00+00:00,237.91899479852538,240.28800507731083,237.44276007200457,238.7153203529864,66391809
2019-12-02 00:00:00+00:00,239.2211023460048,241.01975338729721,237.46604799412603,239.76651069068447,41079180
2019-12-03 00:00:00+00:00,242.05172954703914,243.93742450151095,240.43780981934106,242.56028801334887,52724622
2019-12-04 00:00:00+00:00,242.38807340879706,244.69337070910203,241.88245952266806,243.14044093838044,72537992
2019-12-05 00:00:00+00:00,242.84480781314414,246.12481738111958,241.64390082245518,243.54820919200407,43043907
2019-12-06 00:00:00+00:00,243.60052417934708,245.64919767885394,241.2893378053926,244.16488920149627,65050939
2019-12-09 00:00:00+00:00,247.18540842583866,248.49123184931764,245.84708105390297,247.38711868179752,33434468
2019-12-10 00:00:00+00:00,247.6828863888486,249.5651809448836,247.0102324920503,248.55741351406166,45252323
2019-12-11 00:00:00+00:00,249.65932696971296,251.69681893181456,248.8522797300898,249.91508777800456,82425383
2019-12-12 00:00:00+00:00,250.02704384521542,252.88390494307598,248.11183501372332,250.62120413936117,86177372
2019-12-13 00:00:00+00:00,252.91858088940117,254.9820716131739,251.7205305726538,253.7655853634863,80552384
2019-12-16 00:00:00+00:00,247.7289618397052,250.2345525620736,245.59435558743058,248.06506756802867,70803938
2019-12-17 00:00:00+00:00,245.95203718647855,248.53650826131636,244.14290778176593,246.66948401863806,45475937
2019-12-18 00:00:00+00:00,246.65946928581582,249.20489824382636,244.1171556934288,246.97784517624117,88343141
2019-12-19 00:00:00+00:00,246.60118959092932,249.86074541100305,245.42873424964145,247.49841388603872,79562525
2019-12-20 00:00:00+00:00,243.53681871952375,246.21478451771955,241.87973639581094,243.95977379432998,76661939
2019-12-23 00:00:00+00:00,247.64968357237873,249.40719161252522,246.86950891097035,248.03898977910958,46635450
2019-12-24 00:00:00+00:00,247.88471292584762,251.4067055779129,246.44257178253721,248.67325746505009,78004885
2019-12-26 00:00:00+00:00,246.60407833967778,248.74002271314023,245.3269343567833,247.4852059710068,42784735
2019-12-27 00:00:00+00:00,250.24337977058968,252.66196878018522,249.6696818976413,251.1790969549424,52701180
2019-12-30 00:00:00+00:00,252.8533519016623,256.696495279371,252.72469598785472,253.74966419647225,52691452
2019-12-31 00:00:00+00:00,249.6237487411511,251.65812253677925,247.37032939561627,250.21185279865907,53669400
2020-01-02 00:00:00+00:00,244.1284362992741,246.90472264209012,242.98425215509332,244.8833677775657,87983210
2020-01-03 00:00:00+00:00,242.10573503759804,244.30208526767618,240.98925021903364,242.86491401345978,57978552
2020-01-06 00:00:00+00:00,244.90965534252837,247.7773415983548,243.7058771469326,245.21002678453786,51441933
2020-01-07 00:00:00+00:00,246.94778517397262,249.25182595656838,245.3895035593773,247.465295517696,47655118
2020-01-08 00:00:00+00:00,247.85401208134724,249.67834871611385,246.47062143687253,248.49688600927757,44999498
2020-01-09 00:00:00+00:00,250.23962153840685,253.3782906219433,248.15218299849,250.7498640043773,46288865
2020-01-10 00:00:00+00:00,249.64540927454226,251.50037788317104,248.51303661562832,250.4309818076757,89901207
2020-01-13 00:00:00+00:00,253.14119037607622,255.9041452593404,250.87175022637516,253.61402867826175,55626635
2020-01-14 00:00:00+00:00,255.69522005378718,258.69566807688716,254.85346493288648,255.94024534886447,73140436
2020-01-15 00:00:00+00:00,253.50268624688243,255.59971575894536,252.3882887311072,253.82099236403556,55043008
2020-01-16 00:00:00+00:00,253.44567220270588,255.94883609275337,252.6082533917607,253.83815497120966,81854624
2020-01-17 00:00:00+00:00,253.43585144244554,255.30249914825527,251.5045206314167,254.2079642078865,64102161
2020-01-21 00:00:00+00:00,256.0691147765533,259.0635787657054,254.07347672740877,256.52614908894475,42792483
2020-01-22 00:00:00+00:00,253.37384037053897,255.45950548265122,251.8233824221838,254.31198674078587,63033411
2020-01-23 00:00:00+00:00,253.5059045296693,256.8742274446823,253.00288112321795,254.2992368983327,50639993
2020-01-24 00:00:00+00:00,255.5981205353636,257.64465864162264,253.9174055173,255.90934993637893,49648864
2020-01-27 00:00:00+00:00,254.2317509069922,255.94898013821782,251.97108349397848,254.847438612773,81934626
2020-01-28 00:00:00+00:00,256.7333609989437,258.9238004549797,255.39514103646542,257.3523690356805,58584023
2020-01-29 00:00:00+00:00,258.6043754630045,260.75512710330537,257.73192936853735,259.4684983861269,86908055
2020-01-30 00:00:00+00:00,257.9233695415087,260.54394976751155,256.94075407821407,258.2013957483042,63418928
2020-01-31 00:00:00+00:00,257.7386003280864,259.9884234326273,255.85679052408827,258.3054182868119,33197584
2020-02-03 00:00:00+00:00,258.12433758630914,260.0748316010445,256.1444338869999,258.9878846682201,73608766
2020-02-04 00:00:00+00:00,258.2471224612873,261.8025292709784,256.23377350732915,259.08992273291864,32218533
2020-02-05 00:00:00+00:00,255.88522032219817,259.103411553949,254.5584273265791,256.5626504085887,89125158
2020-02-06 00:00:00+00:00,254.30316273799605,257.367860665622,252.53700134593626,254.7919184834292,77314720
2020-02-07 00:00:00+00:00,258.59799907729126,261.35180518474544,256.62904634078257,259.3987304871626,38851227
2020-02-10 00:00:00+00:00,257.7339360729662,259.6997822236843,257.429360416188,258.47696808293466,52468484
2020-02-11 00:00:00+00:00,259.66501684658743,261.3420846748248,258.93621647943854,259.98760558048895,86574884
2020-02-12 00:00:00+00:00,258.17766827909134,260.82110361283213,256.26620784807454,258.8656189223234,70636482
2020-02-13 00:00:00+00:00,253.16832833696012,255.8333193101814,251.6332505766646,254.12325347488894,58014901
2020-02-14 00:00:00+00:00,258.7965699752653,260.4891660036386,257.26600037310845,259.4572310389176,76879587
2020-02-18 00:00:00+00:00,256.53936390659464,258.69616081237166,255.37194981114564,257.50445286169014,31843331
2020-02-19 00:00:00+00:00,257.17881687116864,259.65084812738405,256.18545362770647,257.88211121221775,86994174
2020-02-20 00:00:00+00:00,255.57402428290706,257.44009374836554,253.8185925749882,255.86541453527994,62931759
2020-02-21 00:00:00+00:00,254.5996066173809,256.4621516615655,253.0765913592561,254.9486977343233,70711385
2020-02-24 00:00:00+00:00,254.1673163946504,257.4205904743575,253.66992409803584,254.82681336184174,57348514
2020-02-25 00:00:00+00:00,253.1503353599299,255.1750984989097,251.59116677960455,253.79214182626978,52611497
2020-02-26 00:00:00+00:00,254.75792883658045,257.25441464428854,252.1908013641322,255.09972528926363,77745365
2020-02-27 00:00:00+00:00,259.06581600332794,262.130049617254,258.20908554770426,259.5243194572201,41596334
2020-02-28 00:00:00+00:00,258.19700698678474,260.7766077481197,256.46839560723504,258.80151900502295,35254287
2020-03-02 00:00:00+00:00,261.37346636372257,264.10048289718503,259.9661437511911,262.04180693565775,31124244
2020-03-03 00:00:00+00:00,260.35187938517254,262.90659830467865,259.552952191109,260.5836574263277,87000283
2020-03-04 00:00:00+00:00,260.927880795114,263.0596056043571,258.85340173436714,261.76551392706506,54321939
2020-03-05 00:00:00+00:00,259.9992779039661,262.188591883545,258.20762235967686,260.41742189167087,59232904
2020-03-06 00:00:00+00:00,259.90293130165304,262.64816142442635,258.3939444854642,260.46025356246395,77598350
2020-03-09 00:00:00+00:00,260.1363265203653,261.84493135900857,258.857538000515,260.4567883214905,43155151
2020-03-10 00:00:00+00:00,262.9133421722359,266.2621732575423,261.2711069614575,263.83483691743857,40141570
2020-03-11 00:00:00+00:00,265.11007889831086,266.8867888576509,263.33898941809036,265.7151864658102,65678548
2020-03-12 00:00:00+00:00,266.38754852108184,268.7068426598768,264.9195884154768,267.0720760806292,88690262
2020-03-13 00:00:00+00:00,265.6915821111563,267.8518229297276,264.2015207938575,266.49865274627945,72491548
2020-03-16 00:00:00+00:00,268.1235529826768,270.56096556479946,266.99810588213177,268.8707179242634,55942854
2020-03-17 00:00:00+00:00,270.36852984039325,273.3108870012031,270.23315300638615,271.30124405196045,72233435
2020-03-18 00:00:00+00:00,271.1841166016184,274.19577847235144,269.54451831274434,271.94606733930243,61802084
2020-03-19 00:00:00+00:00,270.2087201784851,271.7726340204689,267.9844233182283,270.73039193016973,68502074
2020-03-20 00:00:00+00:00,270.65770400724995,274.3275509464327,269.8047126366334,271.5210254127768,57205380
2020-03-23 00:00:00+00:00,267.5104297037343,270.1098112239473,266.9072683736422,268.1941747011787,34862400
2020-03-24 00:00:00+00:00,270.4197713218486,273.0095577157451,268.55947729615093,271.02403843367784,69384834
2020-03-25 00:00:00+00:00,265.97088165774204,267.3036977190833,264.20704624780166,266.27505744778176,43839968
2020-03-26 00:00:00+00:00,268.90196640874234,272.13182753034124,268.03066557799525,269.4108191448838,41207477
2020-03-27 00:00:00+00:00,266.9349118649097,269.5985933043091,266.0324136127467,267.3164755323543,70424632
2020-03-30 00:00:00+00:00,264.8429744277047,268.6071614429677,264.8315530694334,265.84056750596613,56142056
2020-03-31 00:00:00+00:00,264.00185287668455,266.76262211876923,263.5109987325161,264.8764384097271,45188621
2020-04-01 00:00:00+00:00,266.1615483148944,268.35621742866726,265.2600527221146,266.752625752955,48510810
2020-04-02 00:00:00+00:00,264.6533347317237,268.25390012847765,262.93043986829224,265.6498310148645,54368397
2020-04-03 00:00:00+00:00,267.6109794368825,269.12200956526993,265.66959527710907,268.02059286158146,59724816
2020-04-06 00:00:00+00:00,270.2726680492819,273.8158758905807,269.23664572819973,270.94783987740703,35451006
2020-04-07 00:00:00+00:00,273.12382435826106,275.3180771992558,272.2183150848126,273.56022655138776,82309053
2020-04-08 00:00:00+00:00,270.5423222009559,274.2200428441625,268.6948198773146,271.25294543914555,47294515
2020-04-09 00:00:00+00:00,274.32211119689055,276.06455711660647,272.5616408726481,274.667440444481,42018879
2020-04-13 00:00:00+00:00,273.0046202088547,275.38274989449764,271.9359966834118,273.41234528805893,62671228
2020-04-14 00:00:00+00:00,278.44978596791503,280.69230055231674,277.4012192409666,278.9675050719062,64547144
2020-04-15 00:00:00+00:00,277.7719145829184,279.62061215463,275.73818166275396,278.05325057383914,33773960
2020-04-16 00:00:00+00:00,272.08501032254185,274.64084184957073,269.8262300602014,272.6198183795848,39624868
2020-04-17 00:00:00+00:00,274.6555963672448,277.1959502481999,274.1361165941549,275.3714240089638,61100830
2020-04-20 00:00:00+00:00,274.6655955837264,277.91383048526376,273.3137034300227,274.96462252479853,68564973
2020-04-21 00:00:00+00:00,271.6898592440554,274.246382153357,270.3513161250878,272.36695810351296,70843386
2020-04-22 00:00:00+00:00,269.0207315046487,271.4441687157593,267.5717416874681,269.96828651900427,79642364
2020-04-23 00:00:00+00:00,273.7333351814377,275.8049931720313,272.30722575138174,274.32901796870993,37430499
2020-04-24 00:00:00+00:00,273.29057419000014,276.91617430702235,271.5487313029977,274.0057649805759,79743472
2020-04-27 00:00:00+00:00,272.77243604782785,274.58868549410386,271.0410416353556,273.2452196211827,60833285
2020-04-28 00:00:00+00:00,273.33995899831586,276.7001138265047,271.85029227987627,273.8659024237601,81908769
2020-04-29 00:00:00+00:00,274.3422569938987,278.1518636722823,274.141852501118,275.22285255503465,72765285
2020-04-30 00:00:00+00:00,271.8342598730705,274.78997510711616,270.9161784940438,272.4141365347195,54988189
2020-05-01 00:00:00+00:00,272.86897160906733,276.03503570904854,271.3174800461421,273.2015579751954,55345441
2020-05-04 00:00:00+00:00,270.7746155498632,272.8325716550247,268.8817388905265,271.47604536718706,89878382
2020-05-05 00:00:00+00:00,271.2862402000039,273.13303587775937,269.485849203948,271.57531336900735,63815964
2020-05-06 00:00:00+00:00,271.3958254363868,273.1297635592598,270.54557497722465,271.967535985456,58247255
2020-05-07 00:00:00+00:00,279.308693904035,282.87818411680246,278.4232074476649,280.2955123287848,81122430
2020-05-08 00:00:00+00:00,283.00796505634145,285.0424091233811,282.46766655245494,283.6320828551297,38045817
2020-05-11 00:00:00+00:00,290.5506793449002,292.99684284706603,288.5461384545126,291.0554559697737,56193686
2020-05-12 00:00:00+00:00,289.65458791428347,292.23356214621634,289.0204304958491,290.5084315169856,71097369
2020-05-13 00:00:00+00:00,292.5041579800855,296.08846484089383,290.84880880646875,293.1614106644004,44146366
2020-05-14 00:00:00+00:00,293.72660911567397,295.1818779104274,291.3342912988868,293.9345124143032,82517510
2020-05-15 00:00:00+00:00,296.98673586441964,300.43241107439746,295.89249561239427,297.93544950435336,79049739
2020-05-18 00:00:00+00:00,291.9823404763459,295.6550792584343,290.8118123912798,292.96912314567396,63410930
2020-05-19 00:00:00+00:00,289.398429037475,290.8158600868283,288.5968554460402,289.72087087677244,66547076
2020-05-20 00:00:00+00:00,285.02143693443105,287.4094293028551,283.90177779809153,285.5637837584851,53429775
2020-05-21 00:00:00+00:00,287.6084223157061,289.0372554840133,286.0182121370465,287.92372775527787,31433886
2020-05-22 00:00:00+00:00,285.71971181899613,288.9346876463587,283.17081818468773,285.98797673407256,73618972
